"TripID","ticketprice"
"Trip12332",890
"Trip22633",881
"Trip33581",933
"Trip36239",683
"Trip21625",754
"Trip42464",899
"Trip9995",933
"Trip39133",684
"Trip10146",551
"Trip42460",851
"Trip18328",736
"Trip15944",773
"Trip18602",572
"Trip19815",705
"Trip36118",976
"Trip11749",846
"Trip28096",857
"Trip35438",742
"Trip36177",553
"Trip17639",892
"Trip16823",703
"Trip16847",828
"Trip24225",524
"Trip23162",561
"Trip15642",742
"Trip40315",658
"Trip24951",795
"Trip37537",683
"Trip40714",788
"Trip29224",581
"Trip16571",947
"Trip40101",769
"Trip36364",536
"Trip6634",514
"Trip12664",511
"Trip14399",986
"Trip3496",840
"Trip10291",527
"Trip43171",805
"Trip1645",1000
"Trip36359",572
"Trip1939",906
"Trip24118",765
"Trip33572",820
"Trip33194",632
"Trip40680",673
"Trip37888",871
"Trip12457",667
"Trip35603",598
"Trip6067",939
"Trip22727",854
"Trip14914",866
"Trip9173",851
"Trip14342",969
"Trip17454",913
"Trip2084",625
"Trip11866",598
"Trip18720",600
"Trip25055",903
"Trip27931",503
"Trip23077",890
"Trip37986",889
"Trip4923",998
"Trip19625",899
"Trip7127",810
"Trip12644",958
"Trip27698",945
"Trip36225",501
"Trip37420",756
"Trip8592",509
"Trip4252",748
"Trip16070",877
"Trip37716",979
"Trip9082",755
"Trip15448",537
"Trip34532",690
"Trip24019",599
"Trip21918",712
"Trip13532",791
"Trip1560",504
"Trip19196",626
"Trip3130",651
"Trip33436",534
"Trip21232",584
"Trip6334",918
"Trip24285",803
"Trip7168",626
"Trip13805",559
"Trip12962",722
"Trip8261",667
"Trip30181",923
"Trip18562",824
"Trip30130",804
"Trip2192",559
"Trip18471",750
"Trip15372",749
"Trip13182",570
"Trip6428",706
"Trip9716",975
"Trip36238",792
"Trip7211",546
"Trip4087",817
"Trip34317",551
"Trip34359",756
"Trip8855",832
"Trip21773",821
"Trip4430",902
"Trip2165",760
"Trip12450",862
"Trip34932",624
"Trip42609",574
"Trip31515",590
"Trip17538",638
"Trip25709",851
"Trip4696",698
"Trip31555",636
"Trip25731",743
"Trip31798",749
"Trip35224",719
"Trip9982",783
"Trip5493",624
"Trip26098",871
"Trip19418",704
"Trip39045",665
"Trip9354",685
"Trip21110",656
"Trip14503",602
"Trip40049",763
"Trip43444",560
"Trip29500",741
"Trip23302",857
"Trip12181",771
"Trip23840",605
"Trip41967",897
"Trip16505",865
"Trip23554",947
"Trip25488",670
"Trip15035",918
"Trip26433",746
"Trip14049",890
"Trip40740",589
"Trip6520",883
"Trip16596",552
"Trip43585",786
"Trip5399",989
"Trip22788",818
"Trip20118",519
"Trip32252",947
"Trip4184",724
"Trip39723",887
"Trip25606",909
"Trip43706",704
"Trip13733",722
"Trip35991",605
"Trip13732",634
"Trip35450",770
"Trip32556",532
"Trip40321",644
"Trip6690",732
"Trip1636",766
"Trip34124",762
"Trip3136",757
"Trip42444",964
"Trip12464",522
"Trip31177",654
"Trip33787",962
"Trip6411",697
"Trip28629",799
"Trip2230",880
"Trip33263",591
"Trip13361",704
"Trip31022",727
"Trip3943",746
"Trip32945",989
"Trip27251",760
"Trip28636",737
"Trip6257",804
"Trip32973",622
"Trip34000",750
"Trip15533",840
"Trip33660",742
"Trip31122",713
"Trip5640",723
"Trip40905",821
"Trip17712",955
"Trip33494",850
"Trip26102",1000
"Trip7810",568
"Trip35594",703
"Trip29140",621
"Trip18206",707
"Trip20612",712
"Trip5719",781
"Trip18632",781
"Trip25926",850
"Trip2300",858
"Trip29111",585
"Trip35545",681
"Trip37415",597
"Trip17418",934
"Trip8258",809
"Trip37612",947
"Trip5338",848
"Trip8305",962
"Trip41164",501
"Trip40637",957
"Trip23741",721
"Trip10465",591
"Trip15828",968
"Trip23597",514
"Trip1893",955
"Trip5484",607
"Trip25509",703
"Trip8401",576
"Trip43120",702
"Trip34493",825
"Trip4553",972
"Trip31607",853
"Trip32503",958
"Trip12183",599
"Trip17890",566
"Trip14610",500
"Trip24292",718
"Trip2374",668
"Trip14747",713
"Trip20278",635
"Trip1637",507
"Trip41324",621
"Trip5463",611
"Trip1954",650
"Trip42332",562
"Trip8078",527
"Trip8208",602
"Trip21520",576
"Trip2643",919
"Trip37312",649
"Trip4690",938
"Trip5862",545
"Trip25762",528
"Trip43626",759
"Trip7386",667
"Trip30972",678
"Trip1690",820
"Trip30795",702
"Trip26498",979
"Trip18596",978
"Trip28140",539
"Trip32511",543
"Trip2209",516
"Trip6622",704
"Trip37911",893
"Trip26834",678
"Trip15648",788
"Trip10399",921
"Trip20500",696
"Trip14015",945
"Trip26701",688
"Trip15310",528
"Trip23775",903
"Trip19169",989
"Trip1522",560
"Trip16256",548
"Trip11584",696
"Trip40400",777
"Trip25982",917
"Trip32739",785
"Trip33297",507
"Trip27035",587
"Trip21936",860
"Trip17469",798
"Trip8481",756
"Trip21716",823
"Trip25957",762
"Trip40216",512
"Trip11463",891
"Trip10570",836
"Trip16086",559
"Trip7716",514
"Trip42635",999
"Trip17375",729
"Trip24846",699
"Trip5546",566
"Trip7232",860
"Trip20467",813
"Trip14326",734
"Trip12365",810
"Trip25035",734
"Trip3564",745
"Trip25617",857
"Trip4897",606
"Trip6647",623
"Trip21507",548
"Trip28388",552
"Trip6751",947
"Trip37825",854
"Trip26513",712
"Trip22550",533
"Trip8879",798
"Trip15520",757
"Trip18713",796
"Trip36026",639
"Trip24288",759
"Trip36968",691
"Trip40373",575
"Trip13730",533
"Trip32120",667
"Trip34500",989
"Trip35307",753
"Trip26583",673
"Trip26040",600
"Trip31380",962
"Trip12980",994
"Trip37412",864
"Trip19344",699
"Trip2104",966
"Trip3180",886
"Trip28767",559
"Trip5394",748
"Trip40692",794
"Trip3048",958
"Trip20391",553
"Trip16466",630
"Trip19383",579
"Trip17268",923
"Trip28661",736
"Trip13903",813
"Trip30924",950
"Trip26873",540
"Trip4163",844
"Trip3108",624
"Trip37599",740
"Trip16901",842
"Trip18472",889
"Trip9627",906
"Trip14116",591
"Trip1277",560
"Trip31808",713
"Trip19331",969
"Trip25374",644
"Trip20016",940
"Trip15634",944
"Trip28685",613
"Trip40397",685
"Trip25178",962
"Trip7806",997
"Trip29876",539
"Trip21572",578
"Trip5382",601
"Trip9053",936
"Trip24922",905
"Trip26313",705
"Trip9387",615
"Trip23371",1000
"Trip42354",514
"Trip21719",648
"Trip26765",731
"Trip34989",955
"Trip14851",957
"Trip35827",934
"Trip39514",820
"Trip19009",758
"Trip34515",876
"Trip16926",726
"Trip23952",564
"Trip6686",786
"Trip8992",626
"Trip12819",501
"Trip13648",559
"Trip13473",817
"Trip33642",915
"Trip18717",731
"Trip25172",703
"Trip11849",803
"Trip31059",807
"Trip4104",559
"Trip17660",635
"Trip15210",714
"Trip32199",524
"Trip7979",980
"Trip5758",919
"Trip34340",501
"Trip3217",877
"Trip23339",874
"Trip4967",824
"Trip18152",633
"Trip20833",740
"Trip19679",664
"Trip42795",687
"Trip1179",758
"Trip34400",590
"Trip26893",588
"Trip26641",513
"Trip30134",625
"Trip15883",929
"Trip23964",925
"Trip9880",708
"Trip27272",892
"Trip25685",539
"Trip15358",762
"Trip21470",569
"Trip28247",716
"Trip26149",615
"Trip25528",892
"Trip2940",668
"Trip35599",828
"Trip33996",648
"Trip10686",571
"Trip13912",969
"Trip9017",544
"Trip15206",678
"Trip12046",965
"Trip28773",970
"Trip5609",813
"Trip21293",662
"Trip2546",734
"Trip2336",949
"Trip4030",572
"Trip25002",820
"Trip7262",831
"Trip21559",588
"Trip4712",668
"Trip6659",601
"Trip17282",634
"Trip1259",830
"Trip25969",807
"Trip8438",776
"Trip8447",914
"Trip32675",685
"Trip43064",536
"Trip27351",757
"Trip22320",560
"Trip9251",987
"Trip39693",618
"Trip33008",711
"Trip22990",559
"Trip9882",928
"Trip42038",591
"Trip11251",680
"Trip13538",876
"Trip21372",524
"Trip20843",820
"Trip29071",679
"Trip24343",882
"Trip16933",594
"Trip27118",790
"Trip43598",701
"Trip4832",536
"Trip5637",742
"Trip30815",954
"Trip19580",520
"Trip34776",870
"Trip20846",555
"Trip7845",937
"Trip20051",702
"Trip40996",831
"Trip3343",640
"Trip12185",578
"Trip34212",739
"Trip7373",818
"Trip38763",576
"Trip22362",610
"Trip20100",525
"Trip20172",590
"Trip7550",583
"Trip32204",723
"Trip18037",831
"Trip10265",840
"Trip23684",753
"Trip35127",777
"Trip3101",773
"Trip22115",984
"Trip11856",955
"Trip22702",809
"Trip38029",826
"Trip10378",558
"Trip13147",757
"Trip4966",661
"Trip21676",504
"Trip25645",999
"Trip43473",958
"Trip17777",773
"Trip27810",950
"Trip14035",895
"Trip19436",543
"Trip19887",663
"Trip4162",501
"Trip26810",838
"Trip39481",752
"Trip28226",578
"Trip13409",850
"Trip10509",852
"Trip17749",628
"Trip11647",551
"Trip18959",908
"Trip43772",704
"Trip34364",827
"Trip22656",730
"Trip8527",984
"Trip4564",830
"Trip9710",712
"Trip8270",984
"Trip27498",909
"Trip39812",959
"Trip30391",763
"Trip22410",921
"Trip23777",753
"Trip7149",608
"Trip22789",936
"Trip10841",553
"Trip2670",655
"Trip24776",781
"Trip31911",677
"Trip29841",963
"Trip7846",600
"Trip7169",935
"Trip11556",733
"Trip17519",529
"Trip14436",603
"Trip15323",559
"Trip5076",716
"Trip30946",920
"Trip7303",689
"Trip9500",884
"Trip7036",885
"Trip6863",937
"Trip22775",892
"Trip29910",532
"Trip24181",540
"Trip18949",592
"Trip14119",699
"Trip30442",773
"Trip7217",670
"Trip3004",830
"Trip16291",905
"Trip37115",960
"Trip2357",895
"Trip32756",690
"Trip22036",522
"Trip5492",937
"Trip35960",502
"Trip16385",817
"Trip19065",533
"Trip39910",610
"Trip34286",530
"Trip25966",804
"Trip36409",557
"Trip22038",544
"Trip20862",957
"Trip29553",603
"Trip32019",983
"Trip29424",782
"Trip6786",814
"Trip39218",788
"Trip33357",627
"Trip40207",962
"Trip33476",557
"Trip32767",705
"Trip8056",733
"Trip23506",855
"Trip24433",641
"Trip5647",861
"Trip30825",683
"Trip22436",627
"Trip13628",881
"Trip9685",831
"Trip15169",578
"Trip3382",534
"Trip4594",748
"Trip21718",702
"Trip1433",619
"Trip30203",709
"Trip16660",927
"Trip18176",894
"Trip29830",577
"Trip25256",798
"Trip21786",972
"Trip15492",964
"Trip7971",897
"Trip43337",571
"Trip7193",534
"Trip5172",847
"Trip36947",696
"Trip16400",952
"Trip39555",998
"Trip42344",973
"Trip16952",821
"Trip36319",809
"Trip34309",644
"Trip9528",890
"Trip17266",528
"Trip5735",614
"Trip17693",826
"Trip2216",827
"Trip37659",977
"Trip4945",940
"Trip19892",809
"Trip19974",761
"Trip29279",946
"Trip27556",808
"Trip26673",643
"Trip7004",696
"Trip12006",941
"Trip18559",765
"Trip6009",510
"Trip17732",579
"Trip10859",545
"Trip33386",996
"Trip35076",511
"Trip33910",517
"Trip34930",847
"Trip36509",654
"Trip12475",576
"Trip14895",679
"Trip6641",701
"Trip9770",944
"Trip20227",811
"Trip2835",921
"Trip17151",592
"Trip38199",575
"Trip29863",817
"Trip31091",813
"Trip32942",524
"Trip39854",893
"Trip4058",900
"Trip37542",623
"Trip10619",995
"Trip7431",873
"Trip39594",859
"Trip33274",576
"Trip27845",788
"Trip14153",819
"Trip17124",618
"Trip23898",730
"Trip21621",544
"Trip23418",687
"Trip36588",845
"Trip11709",591
"Trip14302",862
"Trip40117",870
"Trip35283",957
"Trip29028",666
"Trip35812",776
"Trip16903",715
"Trip40504",909
"Trip5890",814
"Trip8325",810
"Trip10186",775
"Trip3146",540
"Trip6800",733
"Trip35480",642
"Trip42201",529
"Trip35936",915
"Trip30950",783
"Trip14107",778
"Trip5264",846
"Trip20957",591
"Trip13294",519
"Trip2409",773
"Trip16592",638
"Trip20346",651
"Trip13295",950
"Trip26618",898
"Trip12049",890
"Trip2068",533
"Trip43745",867
"Trip24683",975
"Trip17307",912
"Trip16838",591
"Trip37138",659
"Trip30215",589
"Trip10543",567
"Trip9525",521
"Trip36110",962
"Trip35178",746
"Trip15974",900
"Trip27999",784
"Trip24505",912
"Trip5808",937
"Trip25522",603
"Trip4027",888
"Trip31699",634
"Trip6317",929
"Trip42532",898
"Trip14772",509
"Trip28478",629
"Trip22985",973
"Trip20830",836
"Trip28558",909
"Trip9233",998
"Trip8536",893
"Trip7677",694
"Trip31630",903
"Trip17333",812
"Trip25553",759
"Trip18958",582
"Trip1233",578
"Trip4405",987
"Trip27226",876
"Trip12262",612
"Trip16840",591
"Trip1053",880
"Trip5075",519
"Trip9573",977
"Trip36651",747
"Trip6953",649
"Trip32654",998
"Trip21101",740
"Trip27422",686
"Trip14001",520
"Trip24720",571
"Trip18330",646
"Trip31528",768
"Trip10018",829
"Trip30689",741
"Trip17084",633
"Trip37695",958
"Trip27409",777
"Trip20289",615
"Trip31060",589
"Trip28604",616
"Trip19789",832
"Trip10280",672
"Trip12025",521
"Trip32184",718
"Trip12249",597
"Trip37678",565
"Trip12747",991
"Trip21052",696
"Trip37264",700
"Trip40704",547
"Trip20624",893
"Trip24638",635
"Trip8921",986
"Trip21951",807
"Trip15708",829
"Trip16863",631
"Trip8353",812
"Trip17219",759
"Trip30774",672
"Trip36532",813
"Trip42817",765
"Trip10612",730
"Trip29074",622
"Trip19512",962
"Trip24821",652
"Trip36108",853
"Trip38533",605
"Trip30057",889
"Trip42341",734
"Trip21696",931
"Trip20561",877
"Trip12368",881
"Trip5958",529
"Trip13742",944
"Trip11634",751
"Trip24710",810
"Trip18556",936
"Trip6435",518
"Trip12446",936
"Trip38555",836
"Trip33472",714
"Trip18917",760
"Trip1721",961
"Trip2591",628
"Trip7871",826
"Trip43424",844
"Trip40644",551
"Trip22938",504
"Trip17765",690
"Trip31423",664
"Trip24472",966
"Trip5682",701
"Trip43432",980
"Trip6536",860
"Trip31567",563
"Trip33368",646
"Trip19971",802
"Trip21629",906
"Trip30853",772
"Trip23981",505
"Trip20430",940
"Trip22975",706
"Trip10357",504
"Trip37609",719
"Trip41048",942
"Trip5679",588
"Trip11999",588
"Trip5207",578
"Trip27725",688
"Trip33872",675
"Trip6239",506
"Trip8015",700
"Trip27510",633
"Trip42545",753
"Trip43848",998
"Trip21700",556
"Trip31780",835
"Trip11722",836
"Trip6232",849
"Trip13872",524
"Trip25152",592
"Trip30925",779
"Trip11976",581
"Trip35284",734
"Trip19808",863
"Trip19620",585
"Trip27856",925
"Trip12838",643
"Trip38204",965
"Trip33044",929
"Trip8139",897
"Trip43732",803
"Trip13588",784
"Trip16797",673
"Trip6610",545
"Trip19355",958
"Trip20427",861
"Trip20422",986
"Trip2231",529
"Trip40367",872
"Trip35790",575
"Trip31340",562
"Trip15087",742
"Trip29130",599
"Trip15518",899
"Trip7088",538
"Trip26020",965
"Trip6489",753
"Trip19433",700
"Trip17049",954
"Trip24095",875
"Trip28627",857
"Trip32673",664
"Trip36452",698
"Trip7580",707
"Trip34756",778
"Trip37815",647
"Trip36669",605
"Trip31174",669
"Trip11966",637
"Trip8802",766
"Trip38076",941
"Trip41229",861
"Trip9388",795
"Trip26099",619
"Trip30151",781
"Trip17694",543
"Trip15309",716
"Trip13892",633
"Trip3285",653
"Trip16973",970
"Trip11147",671
"Trip7589",944
"Trip43353",837
"Trip26729",709
"Trip19408",942
"Trip4142",808
"Trip38026",856
"Trip28397",852
"Trip36550",561
"Trip19822",745
"Trip25498",918
"Trip9601",610
"Trip33005",626
"Trip40320",714
"Trip36531",527
"Trip29957",934
"Trip35785",568
"Trip33290",974
"Trip26038",510
"Trip4952",747
"Trip22256",584
"Trip25425",975
"Trip18428",712
"Trip2417",791
"Trip33342",997
"Trip24117",964
"Trip23336",539
"Trip5177",862
"Trip38831",676
"Trip23873",648
"Trip35907",677
"Trip28611",511
"Trip7888",869
"Trip41385",778
"Trip42193",954
"Trip3764",767
"Trip31003",732
"Trip22419",650
"Trip30928",798
"Trip20067",806
"Trip7278",552
"Trip34581",698
"Trip30802",907
"Trip24753",948
"Trip19035",653
"Trip30062",834
"Trip13051",552
"Trip31485",925
"Trip19790",631
"Trip30375",705
"Trip11920",859
"Trip25345",652
"Trip43334",798
"Trip4721",839
"Trip27989",551
"Trip19015",749
"Trip34113",723
"Trip22790",536
"Trip37987",571
"Trip39389",543
"Trip13096",755
"Trip6696",950
"Trip10342",604
"Trip26774",594
"Trip29268",984
"Trip41183",870
"Trip7344",657
"Trip27905",671
"Trip37819",818
"Trip10119",968
"Trip32970",667
"Trip5768",822
"Trip12991",617
"Trip21745",659
"Trip14309",937
"Trip11208",908
"Trip29238",771
"Trip6438",781
"Trip36533",561
"Trip31442",622
"Trip2601",635
"Trip25867",773
"Trip25615",851
"Trip13542",551
"Trip9963",964
"Trip10562",731
"Trip15403",827
"Trip28276",686
"Trip21444",855
"Trip33123",628
"Trip25698",710
"Trip1149",977
"Trip3464",991
"Trip21714",951
"Trip12845",934
"Trip9064",689
"Trip25497",838
"Trip5481",944
"Trip3612",518
"Trip20684",923
"Trip32187",942
"Trip36365",743
"Trip15662",763
"Trip27536",875
"Trip12647",547
"Trip38083",644
"Trip3073",761
"Trip19829",705
"Trip15252",815
"Trip25581",787
"Trip26869",704
"Trip35684",851
"Trip10177",663
"Trip17403",616
"Trip20845",781
"Trip12146",878
"Trip16240",663
"Trip15047",526
"Trip36739",958
"Trip5536",612
"Trip26013",832
"Trip43698",876
"Trip20451",676
"Trip2743",794
"Trip16590",566
"Trip35654",997
"Trip28318",981
"Trip40417",789
"Trip36611",748
"Trip1874",526
"Trip24503",598
"Trip34238",819
"Trip23783",870
"Trip42336",914
"Trip38339",874
"Trip13049",584
"Trip6602",683
"Trip18063",984
"Trip8278",870
"Trip4270",735
"Trip14581",698
"Trip40179",663
"Trip9948",564
"Trip43103",518
"Trip28461",842
"Trip30892",518
"Trip33522",615
"Trip43298",905
"Trip37329",673
"Trip35826",534
"Trip21084",627
"Trip36694",548
"Trip31772",539
"Trip25217",911
"Trip1975",760
"Trip9861",604
"Trip16185",886
"Trip14242",937
"Trip32723",515
"Trip4778",910
"Trip32854",624
"Trip19109",904
"Trip37623",927
"Trip10397",548
"Trip13163",952
"Trip36460",762
"Trip12085",986
"Trip5845",844
"Trip21588",766
"Trip22400",614
"Trip34856",885
"Trip32872",701
"Trip8735",583
"Trip7009",642
"Trip42172",995
"Trip21015",964
"Trip29368",698
"Trip6081",697
"Trip3802",618
"Trip34069",581
"Trip30765",733
"Trip27652",873
"Trip40109",797
"Trip10665",824
"Trip40793",551
"Trip37322",591
"Trip40523",949
"Trip17963",654
"Trip41682",607
"Trip9492",515
"Trip34104",922
"Trip27950",537
"Trip37922",773
"Trip38772",549
"Trip6773",778
"Trip28820",514
"Trip30621",851
"Trip14484",887
"Trip39351",781
"Trip26522",977
"Trip36097",657
"Trip9374",717
"Trip39807",575
"Trip41476",734
"Trip7519",583
"Trip2757",979
"Trip40175",579
"Trip1653",791
"Trip18858",596
"Trip27729",665
"Trip5962",970
"Trip38062",973
"Trip7703",915
"Trip26916",861
"Trip4676",570
"Trip2071",857
"Trip41784",966
"Trip1823",501
"Trip30088",767
"Trip34081",730
"Trip24217",623
"Trip5014",896
"Trip25381",803
"Trip5450",505
"Trip18988",626
"Trip11788",768
"Trip14648",932
"Trip24330",519
"Trip15678",887
"Trip9205",941
"Trip26832",947
"Trip22331",604
"Trip35277",803
"Trip43138",653
"Trip42866",646
"Trip22426",846
"Trip34111",596
"Trip38224",942
"Trip26744",939
"Trip6594",739
"Trip9917",765
"Trip2841",742
"Trip6211",518
"Trip34625",994
"Trip23542",621
"Trip38666",500
"Trip5928",748
"Trip38179",684
"Trip34218",772
"Trip16809",656
"Trip38103",865
"Trip24321",764
"Trip39918",586
"Trip40684",992
"Trip3636",689
"Trip36318",838
"Trip34260",743
"Trip28677",815
"Trip21358",957
"Trip11368",601
"Trip33594",732
"Trip10174",800
"Trip24543",629
"Trip19873",925
"Trip18705",543
"Trip10893",599
"Trip22293",858
"Trip8310",747
"Trip22057",704
"Trip16072",715
"Trip5533",670
"Trip31741",836
"Trip24072",882
"Trip21381",790
"Trip42060",981
"Trip14800",880
"Trip10340",613
"Trip22468",639
"Trip26554",627
"Trip2920",949
"Trip7244",930
"Trip26990",937
"Trip17891",744
"Trip32649",883
"Trip29705",745
"Trip35186",681
"Trip20815",528
"Trip8625",528
"Trip17367",773
"Trip17383",645
"Trip25759",750
"Trip29622",580
"Trip32135",886
"Trip11530",693
"Trip28565",521
"Trip40500",903
"Trip8100",713
"Trip27867",778
"Trip25234",941
"Trip6437",745
"Trip23121",822
"Trip20370",552
"Trip40562",543
"Trip28148",613
"Trip33540",564
"Trip39136",990
"Trip10037",560
"Trip24751",579
"Trip6925",990
"Trip27249",678
"Trip1929",551
"Trip11756",904
"Trip23093",736
"Trip33407",849
"Trip35713",707
"Trip2993",632
"Trip40646",646
"Trip4933",554
"Trip28895",884
"Trip31853",892
"Trip18828",722
"Trip17397",933
"Trip8324",582
"Trip24142",518
"Trip35282",997
"Trip1404",774
"Trip28015",742
"Trip16442",870
"Trip1510",620
"Trip5904",838
"Trip20864",809
"Trip12293",940
"Trip11891",990
"Trip25641",709
"Trip14095",815
"Trip41860",806
"Trip2521",635
"Trip19281",976
"Trip30186",970
"Trip25183",718
"Trip27162",955
"Trip8887",649
"Trip37916",623
"Trip35346",546
"Trip5811",598
"Trip4740",555
"Trip35008",933
"Trip22579",681
"Trip6862",714
"Trip43788",687
"Trip33082",898
"Trip36074",699
"Trip4410",967
"Trip35840",773
"Trip43791",945
"Trip19618",643
"Trip6052",866
"Trip31733",762
"Trip23766",817
"Trip36062",915
"Trip36987",652
"Trip31851",955
"Trip10296",778
"Trip35813",710
"Trip9668",654
"Trip27265",799
"Trip3176",977
"Trip22773",832
"Trip29404",697
"Trip19653",532
"Trip23073",683
"Trip21026",912
"Trip8463",990
"Trip12967",983
"Trip9665",718
"Trip28666",795
"Trip11108",624
"Trip12500",877
"Trip30630",729
"Trip40276",503
"Trip26645",928
"Trip4568",545
"Trip26565",859
"Trip22469",821
"Trip29920",644
"Trip37397",608
"Trip35751",873
"Trip29350",999
"Trip12827",932
"Trip11112",846
"Trip23367",987
"Trip31317",717
"Trip4160",500
"Trip14106",652
"Trip30245",998
"Trip22217",700
"Trip10572",696
"Trip2699",614
"Trip23662",833
"Trip12749",849
"Trip1844",920
"Trip15046",706
"Trip29930",883
"Trip21863",707
"Trip20990",720
"Trip4077",905
"Trip25076",735
"Trip12037",539
"Trip12018",643
"Trip1511",559
"Trip11547",764
"Trip14141",777
"Trip20613",763
"Trip5772",1000
"Trip12258",554
"Trip3335",975
"Trip1758",833
"Trip21942",846
"Trip6481",542
"Trip10794",521
"Trip13531",519
"Trip37285",809
"Trip2052",899
"Trip8484",781
"Trip17786",988
"Trip16775",583
"Trip10514",805
"Trip28120",980
"Trip35558",832
"Trip40716",607
"Trip9176",846
"Trip36371",615
"Trip4929",775
"Trip8805",586
"Trip14146",678
"Trip12340",979
"Trip28433",842
"Trip3896",529
"Trip17472",501
"Trip1647",748
"Trip11298",646
"Trip9116",890
"Trip38303",586
"Trip24417",910
"Trip37894",550
"Trip26825",951
"Trip14821",808
"Trip27956",560
"Trip24009",512
"Trip33283",787
"Trip16828",639
"Trip12614",853
"Trip39169",806
"Trip13590",612
"Trip37030",500
"Trip14173",921
"Trip6070",660
"Trip37544",774
"Trip36875",572
"Trip42651",950
"Trip5323",795
"Trip34060",873
"Trip34875",547
"Trip38534",676
"Trip11543",953
"Trip24533",949
"Trip11908",888
"Trip9306",920
"Trip13452",678
"Trip25929",586
"Trip32999",955
"Trip6765",741
"Trip22569",753
"Trip8420",843
"Trip27177",704
"Trip36709",899
"Trip15509",878
"Trip20700",888
"Trip23297",884
"Trip40966",605
"Trip33854",500
"Trip23748",887
"Trip21030",723
"Trip39749",758
"Trip32892",869
"Trip23846",560
"Trip37442",746
"Trip26993",948
"Trip3748",765
"Trip27064",759
"Trip18569",937
"Trip15644",756
"Trip28072",991
"Trip6804",735
"Trip30909",517
"Trip36506",662
"Trip2397",703
"Trip23757",577
"Trip11846",748
"Trip15430",926
"Trip11405",865
"Trip29907",542
"Trip24154",650
"Trip16312",808
"Trip27607",543
"Trip7495",794
"Trip18568",513
"Trip15591",583
"Trip8532",805
"Trip19904",978
"Trip7844",774
"Trip33820",843
"Trip35412",966
"Trip16623",550
"Trip37140",987
"Trip35466",511
"Trip10947",754
"Trip19673",808
"Trip10160",987
"Trip15848",588
"Trip17254",695
"Trip29999",973
"Trip11325",527
"Trip24403",517
"Trip8066",568
"Trip4580",999
"Trip12831",896
"Trip36090",882
"Trip38285",859
"Trip7362",654
"Trip42569",523
"Trip37589",917
"Trip21640",814
"Trip34666",905
"Trip21426",826
"Trip36268",589
"Trip13653",525
"Trip42787",925
"Trip17235",842
"Trip33182",875
"Trip9884",911
"Trip2908",709
"Trip22341",998
"Trip27357",699
"Trip32053",646
"Trip2936",781
"Trip1509",650
"Trip32978",806
"Trip14465",791
"Trip8826",808
"Trip1810",635
"Trip22395",655
"Trip4036",930
"Trip18360",659
"Trip41720",577
"Trip35525",622
"Trip40878",688
"Trip39628",768
"Trip38641",589
"Trip3704",760
"Trip12868",740
"Trip34017",815
"Trip20610",825
"Trip6549",617
"Trip24164",767
"Trip32445",674
"Trip2790",899
"Trip32550",938
"Trip4486",868
"Trip25338",986
"Trip37213",690
"Trip3667",937
"Trip11023",612
"Trip39443",883
"Trip11266",948
"Trip43810",548
"Trip34052",507
"Trip31868",539
"Trip4305",561
"Trip41929",745
"Trip8002",686
"Trip13982",667
"Trip15824",793
"Trip31755",641
"Trip39221",608
"Trip39039",587
"Trip30148",982
"Trip43461",574
"Trip5436",794
"Trip39848",827
"Trip20400",780
"Trip21169",945
"Trip6706",846
"Trip32981",981
"Trip39572",942
"Trip38574",717
"Trip14509",934
"Trip18460",996
"Trip15197",984
"Trip12972",871
"Trip37928",549
"Trip22570",690
"Trip8757",528
"Trip15836",949
"Trip8892",744
"Trip25074",953
"Trip38010",530
"Trip28323",756
"Trip32612",981
"Trip39829",785
"Trip12721",903
"Trip22070",679
"Trip29128",504
"Trip10307",815
"Trip25255",576
"Trip35334",599
"Trip3705",776
"Trip33187",933
"Trip5571",772
"Trip15371",756
"Trip29374",917
"Trip3897",991
"Trip36430",703
"Trip39317",768
"Trip14373",749
"Trip3097",817
"Trip9925",601
"Trip23354",987
"Trip32627",860
"Trip8525",941
"Trip6570",723
"Trip13347",725
"Trip11645",505
"Trip33359",713
"Trip15044",756
"Trip14950",773
"Trip15784",790
"Trip33772",981
"Trip21992",723
"Trip13873",551
"Trip8524",797
"Trip19776",523
"Trip28775",891
"Trip41745",664
"Trip35925",652
"Trip30784",786
"Trip39743",623
"Trip31587",619
"Trip18044",548
"Trip15421",525
"Trip25671",552
"Trip7663",503
"Trip40418",641
"Trip41909",635
"Trip36871",715
"Trip42120",687
"Trip19609",905
"Trip26381",771
"Trip24091",519
"Trip37795",902
"Trip17427",782
"Trip42034",860
"Trip5691",574
"Trip40619",978
"Trip3351",959
"Trip21859",581
"Trip9865",585
"Trip19682",986
"Trip16220",935
"Trip34149",591
"Trip26241",591
"Trip13079",631
"Trip36708",958
"Trip37411",666
"Trip21698",889
"Trip7350",546
"Trip26378",726
"Trip23096",876
"Trip17248",783
"Trip31433",667
"Trip20926",679
"Trip3972",848
"Trip26976",743
"Trip5504",834
"Trip15754",997
"Trip10582",605
"Trip1934",647
"Trip21456",657
"Trip4999",759
"Trip4251",634
"Trip30293",653
"Trip24458",929
"Trip36276",876
"Trip43381",872
"Trip23578",888
"Trip28419",625
"Trip13684",895
"Trip37632",979
"Trip13196",946
"Trip41655",724
"Trip9559",972
"Trip27098",603
"Trip20088",891
"Trip15016",967
"Trip7834",527
"Trip37241",506
"Trip4887",881
"Trip22584",515
"Trip26166",998
"Trip33649",949
"Trip27842",915
"Trip42671",651
"Trip12983",626
"Trip7196",712
"Trip24585",501
"Trip8415",517
"Trip14848",580
"Trip26300",859
"Trip12182",736
"Trip38282",694
"Trip33861",662
"Trip15120",587
"Trip17400",944
"Trip35792",575
"Trip14213",591
"Trip1712",922
"Trip6912",606
"Trip33212",816
"Trip32312",502
"Trip39754",648
"Trip23172",688
"Trip31854",775
"Trip10631",647
"Trip5809",676
"Trip13502",923
"Trip37240",535
"Trip32326",634
"Trip33669",645
"Trip21591",699
"Trip22871",979
"Trip11494",972
"Trip10469",500
"Trip36413",634
"Trip28842",565
"Trip8782",644
"Trip2779",803
"Trip22031",922
"Trip20269",904
"Trip40453",973
"Trip1429",564
"Trip37098",517
"Trip23884",751
"Trip14002",780
"Trip2402",676
"Trip5080",548
"Trip4225",828
"Trip13219",749
"Trip4942",770
"Trip34076",874
"Trip22591",849
"Trip39245",630
"Trip18542",919
"Trip15312",906
"Trip1679",614
"Trip31149",510
"Trip25250",893
"Trip36187",801
"Trip24906",978
"Trip29055",512
"Trip12321",968
"Trip19082",642
"Trip35457",683
"Trip30653",913
"Trip24083",838
"Trip10099",696
"Trip21295",667
"Trip42297",597
"Trip38032",571
"Trip30180",673
"Trip8259",736
"Trip16305",741
"Trip2266",527
"Trip33638",774
"Trip23573",697
"Trip37900",679
"Trip32937",821
"Trip22838",639
"Trip31130",951
"Trip25880",925
"Trip30571",899
"Trip9168",547
"Trip42132",969
"Trip34931",890
"Trip24756",508
"Trip15757",846
"Trip14797",530
"Trip11168",599
"Trip34864",722
"Trip10271",993
"Trip17069",504
"Trip30676",628
"Trip20773",573
"Trip5157",741
"Trip36784",733
"Trip42066",937
"Trip33346",781
"Trip29605",838
"Trip21521",579
"Trip1419",834
"Trip35710",716
"Trip2802",970
"Trip11598",734
"Trip13427",684
"Trip42829",692
"Trip23086",913
"Trip34861",774
"Trip13667",732
"Trip43259",839
"Trip22350",799
"Trip23259",616
"Trip18431",793
"Trip19370",522
"Trip37734",957
"Trip23855",909
"Trip42090",579
"Trip9978",926
"Trip15766",705
"Trip1344",694
"Trip20947",532
"Trip39706",788
"Trip23529",826
"Trip9822",604
"Trip9451",530
"Trip21771",901
"Trip14202",713
"Trip15505",820
"Trip2771",530
"Trip36258",874
"Trip43844",501
"Trip9239",575
"Trip38037",801
"Trip7922",858
"Trip21964",691
"Trip3475",943
"Trip2651",823
"Trip11649",967
"Trip21998",776
"Trip7549",826
"Trip6470",576
"Trip1286",614
"Trip33083",692
"Trip26231",546
"Trip28994",918
"Trip38371",631
"Trip29253",569
"Trip7824",977
"Trip41531",931
"Trip27584",778
"Trip33179",500
"Trip27887",768
"Trip32577",861
"Trip16530",712
"Trip23641",970
"Trip34670",755
"Trip35294",529
"Trip3247",748
"Trip37061",777
"Trip5925",732
"Trip33324",564
"Trip32442",854
"Trip43143",505
"Trip39961",912
"Trip35349",706
"Trip8199",802
"Trip36174",978
"Trip16672",672
"Trip11802",666
"Trip8265",522
"Trip36235",685
"Trip13998",736
"Trip26697",945
"Trip16430",744
"Trip17717",906
"Trip2112",741
"Trip30078",910
"Trip17671",759
"Trip31906",997
"Trip32831",513
"Trip38247",830
"Trip22518",882
"Trip28255",917
"Trip32372",929
"Trip15772",918
"Trip2383",814
"Trip14730",609
"Trip5483",622
"Trip4757",772
"Trip18754",650
"Trip13808",882
"Trip2515",811
"Trip40511",940
"Trip1285",806
"Trip8180",906
"Trip12135",580
"Trip42133",749
"Trip23088",816
"Trip41123",769
"Trip2356",701
"Trip25346",867
"Trip11423",784
"Trip23995",744
"Trip16379",571
"Trip8988",904
"Trip38040",674
"Trip27702",925
"Trip43156",703
"Trip17203",582
"Trip13007",985
"Trip2166",574
"Trip32404",866
"Trip10268",684
"Trip22473",853
"Trip37858",914
"Trip27580",991
"Trip9124",814
"Trip29003",996
"Trip20458",680
"Trip36794",895
"Trip21576",783
"Trip30157",804
"Trip22574",643
"Trip43869",759
"Trip33046",543
"Trip17167",772
"Trip18402",802
"Trip8309",955
"Trip28753",880
"Trip9866",550
"Trip17074",824
"Trip13938",615
"Trip4950",933
"Trip23481",776
"Trip14211",799
"Trip30403",844
"Trip41863",680
"Trip34519",780
"Trip9214",528
"Trip7511",978
"Trip22742",853
"Trip28481",846
"Trip29313",641
"Trip31682",772
"Trip18070",522
"Trip1778",779
"Trip26838",736
"Trip28574",973
"Trip30656",515
"Trip40376",681
"Trip18098",548
"Trip3256",901
"Trip10384",611
"Trip32766",747
"Trip35971",677
"Trip6397",736
"Trip3499",817
"Trip26871",523
"Trip12176",798
"Trip28557",731
"Trip31985",863
"Trip4826",613
"Trip5405",513
"Trip36808",591
"Trip24885",958
"Trip19158",945
"Trip41894",833
"Trip4811",983
"Trip35906",944
"Trip34834",581
"Trip31740",962
"Trip25715",741
"Trip6430",573
"Trip43182",788
"Trip43828",876
"Trip35321",703
"Trip36821",610
"Trip30958",861
"Trip8429",679
"Trip25702",948
"Trip2328",988
"Trip21461",942
"Trip19686",673
"Trip8016",847
"Trip27100",640
"Trip20015",901
"Trip23404",935
"Trip27761",653
"Trip37752",750
"Trip29946",723
"Trip34459",624
"Trip37786",861
"Trip42906",629
"Trip41843",670
"Trip11489",820
"Trip40079",954
"Trip40998",883
"Trip25577",537
"Trip42596",981
"Trip1086",872
"Trip7934",798
"Trip25423",813
"Trip33651",559
"Trip41617",953
"Trip29699",569
"Trip20785",707
"Trip26074",831
"Trip2167",601
"Trip11371",982
"Trip21809",922
"Trip41088",709
"Trip25455",689
"Trip2009",681
"Trip9271",571
"Trip40786",982
"Trip12563",852
"Trip34143",753
"Trip42186",663
"Trip40825",897
"Trip35231",680
"Trip34078",742
"Trip30356",528
"Trip29092",595
"Trip31332",936
"Trip7038",539
"Trip24655",606
"Trip16448",916
"Trip12908",556
"Trip12145",925
"Trip13150",635
"Trip15593",879
"Trip39281",817
"Trip10848",711
"Trip35301",792
"Trip22948",670
"Trip18020",529
"Trip18623",994
"Trip11961",654
"Trip12745",840
"Trip29862",726
"Trip23013",832
"Trip14277",833
"Trip30948",846
"Trip10045",628
"Trip30054",943
"Trip4065",581
"Trip39889",608
"Trip40173",509
"Trip23535",665
"Trip8764",908
"Trip8375",659
"Trip29945",975
"Trip24714",811
"Trip25964",970
"Trip7536",938
"Trip18725",773
"Trip9323",688
"Trip40046",636
"Trip12520",893
"Trip9143",591
"Trip22139",787
"Trip39615",898
"Trip35950",616
"Trip31573",777
"Trip3461",817
"Trip36697",525
"Trip14338",515
"Trip25908",678
"Trip18180",805
"Trip32042",770
"Trip8389",660
"Trip23881",565
"Trip12870",797
"Trip2922",628
"Trip23097",899
"Trip42229",504
"Trip35620",516
"Trip33119",837
"Trip25299",924
"Trip19361",685
"Trip3619",727
"Trip24402",896
"Trip9990",555
"Trip24919",709
"Trip26787",887
"Trip14912",689
"Trip12313",502
"Trip7101",564
"Trip20875",995
"Trip2634",996
"Trip33755",707
"Trip10699",912
"Trip22745",719
"Trip10504",511
"Trip42940",525
"Trip19906",756
"Trip4451",944
"Trip10026",963
"Trip9166",606
"Trip40983",685
"Trip23398",714
"Trip31235",521
"Trip22664",961
"Trip29883",863
"Trip24536",562
"Trip11747",559
"Trip23584",775
"Trip19841",528
"Trip10060",795
"Trip14969",523
"Trip32901",565
"Trip15388",694
"Trip36166",987
"Trip39512",951
"Trip5118",943
"Trip9174",596
"Trip35117",977
"Trip37295",790
"Trip20179",623
"Trip5115",816
"Trip37186",811
"Trip26280",746
"Trip28723",936
"Trip9396",558
"Trip8665",728
"Trip5668",821
"Trip12871",867
"Trip14307",751
"Trip36314",679
"Trip30878",641
"Trip37445",664
"Trip8372",582
"Trip36426",832
"Trip34411",751
"Trip35300",751
"Trip19455",589
"Trip21780",877
"Trip15701",739
"Trip9220",877
"Trip17450",899
"Trip11989",759
"Trip20917",639
"Trip32785",759
"Trip24530",703
"Trip31917",714
"Trip16978",886
"Trip10052",910
"Trip2388",925
"Trip39297",665
"Trip35872",640
"Trip12224",903
"Trip36468",553
"Trip4424",833
"Trip23431",957
"Trip35279",648
"Trip7882",770
"Trip5117",785
"Trip31309",639
"Trip40342",998
"Trip16914",506
"Trip31479",756
"Trip15242",636
"Trip7409",846
"Trip39676",708
"Trip41173",970
"Trip4319",632
"Trip22080",815
"Trip38913",527
"Trip38344",622
"Trip26343",837
"Trip3712",553
"Trip9066",747
"Trip5512",662
"Trip21674",548
"Trip3911",728
"Trip10359",765
"Trip9448",716
"Trip6811",598
"Trip2250",756
"Trip35065",948
"Trip14455",651
"Trip31050",700
"Trip1303",738
"Trip2826",547
"Trip42911",585
"Trip9087",650
"Trip39687",982
"Trip38548",844
"Trip28590",505
"Trip2803",936
"Trip18087",671
"Trip3527",583
"Trip8471",973
"Trip24603",861
"Trip43611",936
"Trip13757",846
"Trip17315",524
"Trip43578",913
"Trip14824",676
"Trip31643",512
"Trip15414",914
"Trip14622",618
"Trip33999",867
"Trip16770",724
"Trip39004",850
"Trip40818",757
"Trip1051",786
"Trip19462",844
"Trip29948",614
"Trip2113",551
"Trip9067",688
"Trip39163",979
"Trip25267",931
"Trip35575",959
"Trip22173",664
"Trip37917",878
"Trip26058",526
"Trip18005",816
"Trip20205",749
"Trip39059",642
"Trip2473",510
"Trip25932",831
"Trip23126",758
"Trip41423",531
"Trip35811",600
"Trip24269",768
"Trip38132",993
"Trip34523",661
"Trip25096",830
"Trip12645",955
"Trip34869",952
"Trip17209",799
"Trip14495",885
"Trip7837",778
"Trip15858",873
"Trip39873",537
"Trip16854",638
"Trip10520",913
"Trip41115",967
"Trip35634",773
"Trip1418",721
"Trip17040",895
"Trip22521",705
"Trip16489",905
"Trip19819",804
"Trip2618",976
"Trip19955",941
"Trip21814",608
"Trip20070",860
"Trip15132",765
"Trip39881",718
"Trip5150",660
"Trip43825",892
"Trip4669",543
"Trip13065",781
"Trip22166",923
"Trip34005",776
"Trip17342",955
"Trip3373",715
"Trip30915",561
"Trip32366",518
"Trip4416",658
"Trip10949",958
"Trip30292",675
"Trip26904",647
"Trip11793",995
"Trip29864",639
"Trip2244",936
"Trip16107",538
"Trip27540",621
"Trip21980",778
"Trip16143",617
"Trip20126",599
"Trip16726",895
"Trip34329",878
"Trip15472",935
"Trip3924",740
"Trip34167",586
"Trip43227",706
"Trip18608",743
"Trip42517",771
"Trip38773",799
"Trip24193",643
"Trip4007",883
"Trip31101",758
"Trip15775",964
"Trip31099",682
"Trip30883",537
"Trip16110",734
"Trip7067",607
"Trip11289",976
"Trip28278",833
"Trip33503",983
"Trip32004",742
"Trip2633",969
"Trip29250",684
"Trip1172",793
"Trip25173",902
"Trip9344",933
"Trip20188",531
"Trip18303",810
"Trip34268",818
"Trip4586",595
"Trip7506",711
"Trip10791",886
"Trip4342",939
"Trip7618",826
"Trip13225",902
"Trip28413",936
"Trip32419",734
"Trip14356",745
"Trip5219",841
"Trip30147",564
"Trip26139",894
"Trip3059",917
"Trip7407",646
"Trip24732",822
"Trip23912",767
"Trip40293",972
"Trip17599",666
"Trip37404",851
"Trip6164",884
"Trip11456",543
"Trip16154",655
"Trip36086",631
"Trip31274",926
"Trip9644",933
"Trip28231",519
"Trip2157",687
"Trip3794",709
"Trip28871",899
"Trip24861",749
"Trip34998",609
"Trip15589",612
"Trip36339",798
"Trip36867",924
"Trip16196",615
"Trip17393",532
"Trip14649",604
"Trip41415",935
"Trip13907",819
"Trip5855",680
"Trip11680",746
"Trip3828",707
"Trip14849",961
"Trip16723",918
"Trip14089",664
"Trip33737",830
"Trip41628",723
"Trip8615",990
"Trip5580",987
"Trip23335",596
"Trip37435",610
"Trip20401",801
"Trip33074",807
"Trip15452",807
"Trip5224",651
"Trip20779",892
"Trip32145",640
"Trip5725",926
"Trip43429",741
"Trip33599",646
"Trip5475",927
"Trip13291",852
"Trip8137",887
"Trip36189",960
"Trip13098",775
"Trip34138",929
"Trip2331",751
"Trip41276",638
"Trip27873",888
"Trip25226",985
"Trip27582",780
"Trip28313",955
"Trip21457",575
"Trip8352",992
"Trip32267",587
"Trip31669",750
"Trip26576",667
"Trip35803",889
"Trip33120",650
"Trip7997",765
"Trip16583",821
"Trip41159",619
"Trip17356",996
"Trip16975",656
"Trip6295",819
"Trip14548",628
"Trip14232",990
"Trip22959",988
"Trip22002",832
"Trip10989",728
"Trip20626",658
"Trip2109",813
"Trip41334",750
"Trip25185",849
"Trip38779",959
"Trip13011",627
"Trip6990",552
"Trip2483",728
"Trip6997",703
"Trip1507",842
"Trip10955",963
"Trip22662",592
"Trip38709",611
"Trip33970",889
"Trip9157",620
"Trip28272",784
"Trip5812",899
"Trip1240",992
"Trip6088",809
"Trip29267",789
"Trip35143",511
"Trip36173",988
"Trip14369",509
"Trip35884",881
"Trip26763",991
"Trip27052",568
"Trip31220",965
"Trip3333",980
"Trip5102",833
"Trip39173",597
"Trip29630",794
"Trip43768",796
"Trip18320",839
"Trip16710",759
"Trip26226",751
"Trip11813",683
"Trip9188",867
"Trip39143",933
"Trip28325",956
"Trip19431",568
"Trip34699",967
"Trip2449",834
"Trip24323",797
"Trip36144",890
"Trip9609",588
"Trip22076",743
"Trip43046",611
"Trip33373",934
"Trip38113",619
"Trip40592",556
"Trip14619",729
"Trip15929",725
"Trip28257",790
"Trip36944",560
"Trip27947",923
"Trip16114",634
"Trip22302",710
"Trip16537",986
"Trip1535",782
"Trip6615",887
"Trip2895",657
"Trip27944",919
"Trip38276",882
"Trip18217",768
"Trip28084",522
"Trip9236",629
"Trip15769",995
"Trip13091",864
"Trip43177",922
"Trip6685",871
"Trip11046",726
"Trip20882",779
"Trip32236",576
"Trip30752",755
"Trip10167",846
"Trip15711",979
"Trip10599",624
"Trip12289",791
"Trip42830",504
"Trip9600",751
"Trip35517",521
"Trip10376",752
"Trip18935",688
"Trip9542",899
"Trip18156",966
"Trip17365",568
"Trip19754",741
"Trip32729",779
"Trip40024",837
"Trip8052",519
"Trip15948",956
"Trip38770",867
"Trip23732",912
"Trip7336",779
"Trip22913",796
"Trip5531",667
"Trip39290",883
"Trip34918",923
"Trip34883",918
"Trip42389",688
"Trip25113",900
"Trip1097",570
"Trip37218",704
"Trip1682",743
"Trip39865",675
"Trip6879",975
"Trip34591",872
"Trip32271",715
"Trip25015",547
"Trip12349",982
"Trip27661",894
"Trip35492",977
"Trip8797",855
"Trip17974",555
"Trip38516",557
"Trip22114",590
"Trip42111",849
"Trip11987",573
"Trip33812",933
"Trip43391",680
"Trip42270",780
"Trip25714",841
"Trip20146",602
"Trip29794",892
"Trip24897",737
"Trip11242",701
"Trip14394",903
"Trip11978",685
"Trip2315",672
"Trip21842",993
"Trip14510",631
"Trip5978",637
"Trip15396",601
"Trip10079",600
"Trip28634",970
"Trip11689",696
"Trip42192",799
"Trip32793",711
"Trip39023",766
"Trip27477",786
"Trip38065",944
"Trip13463",689
"Trip39248",739
"Trip6256",869
"Trip7028",854
"Trip35849",909
"Trip25896",983
"Trip34014",546
"Trip17634",624
"Trip42550",587
"Trip17554",754
"Trip14337",848
"Trip4643",637
"Trip3766",962
"Trip22289",877
"Trip37095",543
"Trip37988",956
"Trip38046",526
"Trip25252",785
"Trip32142",550
"Trip36600",779
"Trip7480",925
"Trip43691",907
"Trip5121",999
"Trip24445",893
"Trip16972",854
"Trip25218",820
"Trip34494",511
"Trip25872",645
"Trip6569",793
"Trip2874",719
"Trip25354",597
"Trip39618",598
"Trip15870",921
"Trip2023",832
"Trip7139",859
"Trip34976",900
"Trip28870",991
"Trip36686",847
"Trip35569",649
"Trip33928",823
"Trip21443",578
"Trip9198",501
"Trip19805",950
"Trip18876",607
"Trip40314",980
"Trip4164",921
"Trip13760",896
"Trip13678",762
"Trip10601",735
"Trip1072",930
"Trip41846",553
"Trip37135",505
"Trip35333",861
"Trip15270",533
"Trip13074",917
"Trip4037",534
"Trip17474",689
"Trip9035",760
"Trip35317",946
"Trip11175",569
"Trip30673",871
"Trip25233",946
"Trip12616",805
"Trip31822",773
"Trip15301",882
"Trip16771",745
"Trip39529",772
"Trip40629",922
"Trip29609",971
"Trip18014",752
"Trip43137",816
"Trip32259",712
"Trip4926",745
"Trip24740",887
"Trip11344",921
"Trip20798",959
"Trip38671",697
"Trip35311",661
"Trip39390",586
"Trip28958",928
"Trip3104",676
"Trip28315",575
"Trip11040",560
"Trip36024",706
"Trip26911",996
"Trip39804",839
"Trip33028",585
"Trip26610",661
"Trip2178",944
"Trip23458",972
"Trip6148",833
"Trip41511",535
"Trip27940",773
"Trip40001",967
"Trip20077",924
"Trip22634",784
"Trip13579",855
"Trip31263",812
"Trip1786",720
"Trip1676",912
"Trip12052",525
"Trip41112",639
"Trip27728",798
"Trip10187",513
"Trip19729",789
"Trip33138",686
"Trip20736",807
"Trip22118",899
"Trip36081",913
"Trip9461",672
"Trip26800",725
"Trip11209",959
"Trip32409",584
"Trip8028",660
"Trip17401",712
"Trip19994",946
"Trip5379",873
"Trip18793",881
"Trip16491",985
"Trip23480",991
"Trip22141",840
"Trip18688",986
"Trip3700",883
"Trip18572",603
"Trip21422",885
"Trip32595",934
"Trip12449",635
"Trip27977",903
"Trip12263",843
"Trip31932",722
"Trip34420",507
"Trip28179",751
"Trip25662",997
"Trip13834",573
"Trip1570",702
"Trip27499",817
"Trip9887",982
"Trip18440",690
"Trip32918",805
"Trip20860",558
"Trip15450",549
"Trip38568",647
"Trip35095",698
"Trip22737",602
"Trip17981",788
"Trip20905",935
"Trip2217",787
"Trip7858",510
"Trip5445",832
"Trip18193",537
"Trip42641",605
"Trip33118",712
"Trip6886",732
"Trip38111",904
"Trip43255",895
"Trip7932",538
"Trip39106",676
"Trip43225",796
"Trip20056",526
"Trip35957",527
"Trip9120",547
"Trip14489",893
"Trip15488",734
"Trip32239",702
"Trip21258",529
"Trip8402",642
"Trip3866",710
"Trip26258",991
"Trip29116",984
"Trip23039",867
"Trip11783",808
"Trip27901",938
"Trip24477",882
"Trip32062",723
"Trip33742",743
"Trip32458",661
"Trip33186",739
"Trip8568",957
"Trip41318",811
"Trip42998",767
"Trip39183",569
"Trip13848",528
"Trip18078",557
"Trip17286",635
"Trip12890",727
"Trip5572",543
"Trip33803",910
"Trip22381",971
"Trip18922",752
"Trip30893",666
"Trip31518",937
"Trip6988",708
"Trip32982",518
"Trip16404",862
"Trip35994",540
"Trip8772",906
"Trip7940",866
"Trip35172",732
"Trip29477",550
"Trip34506",699
"Trip4612",896
"Trip32775",859
"Trip13387",742
"Trip8701",582
"Trip35895",943
"Trip40449",860
"Trip8814",638
"Trip17088",769
"Trip31852",601
"Trip35079",800
"Trip1340",541
"Trip16102",768
"Trip16787",836
"Trip11143",695
"Trip30590",829
"Trip31068",990
"Trip34953",775
"Trip20687",747
"Trip6131",593
"Trip3218",960
"Trip37628",525
"Trip4497",533
"Trip14377",604
"Trip29032",854
"Trip26550",911
"Trip31541",714
"Trip13039",946
"Trip18779",963
"Trip27592",655
"Trip29053",907
"Trip25090",663
"Trip17024",792
"Trip14332",639
"Trip9019",938
"Trip23461",667
"Trip37800",952
"Trip10048",920
"Trip37823",596
"Trip9563",902
"Trip33245",906
"Trip42213",606
"Trip25923",787
"Trip17578",987
"Trip25474",718
"Trip3841",948
"Trip26455",719
"Trip4189",970
"Trip19757",750
"Trip30121",859
"Trip25012",767
"Trip12650",746
"Trip5630",901
"Trip11713",927
"Trip38529",781
"Trip15834",697
"Trip32464",934
"Trip9370",820
"Trip14480",728
"Trip33296",569
"Trip2503",846
"Trip12525",897
"Trip25224",667
"Trip12981",983
"Trip3431",868
"Trip17821",772
"Trip41700",915
"Trip28662",533
"Trip15873",824
"Trip21747",997
"Trip34516",993
"Trip4096",530
"Trip1532",858
"Trip35183",719
"Trip42131",500
"Trip5462",905
"Trip29081",544
"Trip20355",807
"Trip29352",671
"Trip34590",785
"Trip15621",891
"Trip25939",700
"Trip30510",722
"Trip28966",891
"Trip2707",872
"Trip28809",512
"Trip29925",656
"Trip14835",669
"Trip25495",588
"Trip15552",975
"Trip4069",735
"Trip19134",883
"Trip26696",905
"Trip12521",661
"Trip10912",905
"Trip8889",969
"Trip6861",634
"Trip9719",607
"Trip13935",557
"Trip8340",843
"Trip25201",851
"Trip27635",508
"Trip17564",567
"Trip35706",584
"Trip37178",935
"Trip27377",701
"Trip27511",893
"Trip9739",526
"Trip33655",869
"Trip39441",653
"Trip22069",516
"Trip14720",536
"Trip13211",935
"Trip31870",978
"Trip16403",850
"Trip23113",555
"Trip18053",619
"Trip12934",866
"Trip43355",583
"Trip14023",764
"Trip19917",651
"Trip4347",688
"Trip13810",508
"Trip13189",730
"Trip29857",1000
"Trip2568",854
"Trip12367",976
"Trip1738",912
"Trip9026",638
"Trip4111",745
"Trip13620",569
"Trip27240",812
"Trip5677",598
"Trip18433",984
"Trip33043",977
"Trip34451",848
"Trip9640",607
"Trip12773",759
"Trip5232",565
"Trip1069",945
"Trip5019",637
"Trip18535",847
"Trip13928",505
"Trip33072",548
"Trip21490",540
"Trip20079",842
"Trip40585",647
"Trip10165",932
"Trip38809",752
"Trip2043",561
"Trip23499",686
"Trip19371",858
"Trip22104",929
"Trip43332",538
"Trip36853",902
"Trip34721",895
"Trip17507",991
"Trip15442",927
"Trip26453",938
"Trip42736",641
"Trip36040",705
"Trip28718",860
"Trip28076",560
"Trip23364",866
"Trip26267",542
"Trip11404",890
"Trip22684",867
"Trip6360",612
"Trip20504",630
"Trip37835",678
"Trip30521",667
"Trip5507",915
"Trip8984",763
"Trip2061",594
"Trip29826",567
"Trip39524",733
"Trip26528",795
"Trip17270",650
"Trip10179",606
"Trip29642",848
"Trip28390",754
"Trip23117",728
"Trip25257",593
"Trip30856",516
"Trip34304",762
"Trip15586",795
"Trip17644",555
"Trip19093",732
"Trip1928",796
"Trip16064",791
"Trip21529",774
"Trip22839",506
"Trip15649",767
"Trip4538",786
"Trip41010",651
"Trip18307",854
"Trip1788",721
"Trip12742",528
"Trip33756",503
"Trip5178",960
"Trip21566",773
"Trip2281",931
"Trip6621",927
"Trip13957",942
"Trip38108",788
"Trip9223",576
"Trip9785",690
"Trip29640",878
"Trip24085",677
"Trip1105",782
"Trip23234",509
"Trip27768",511
"Trip9281",570
"Trip10889",510
"Trip16479",971
"Trip11387",665
"Trip6230",693
"Trip23967",768
"Trip24084",665
"Trip31243",971
"Trip37119",657
"Trip38213",982
"Trip41551",755
"Trip33478",513
"Trip18662",508
"Trip3707",771
"Trip11927",944
"Trip32355",607
"Trip7733",637
"Trip36303",797
"Trip24028",710
"Trip35881",719
"Trip38723",931
"Trip35188",912
"Trip3858",686
"Trip8135",635
"Trip12534",512
"Trip37037",898
"Trip34163",633
"Trip13849",620
"Trip2175",784
"Trip15030",754
"Trip35746",938
"Trip10849",667
"Trip31618",783
"Trip21379",543
"Trip4063",984
"Trip22851",938
"Trip4776",956
"Trip23613",678
"Trip7499",917
"Trip19374",839
"Trip43771",883
"Trip16982",675
"Trip30044",548
"Trip5818",709
"Trip39151",718
"Trip27878",509
"Trip32368",960
"Trip10189",892
"Trip14070",587
"Trip28972",691
"Trip12560",908
"Trip21807",512
"Trip16564",539
"Trip15529",922
"Trip6488",782
"Trip8103",692
"Trip34865",702
"Trip8470",994
"Trip9906",753
"Trip29955",627
"Trip12564",667
"Trip34496",900
"Trip33580",984
"Trip3824",932
"Trip41028",550
"Trip17814",830
"Trip21082",950
"Trip34977",521
"Trip40577",501
"Trip13506",721
"Trip19592",765
"Trip35388",886
"Trip13325",667
"Trip24950",711
"Trip6853",507
"Trip3677",781
"Trip35671",628
"Trip10607",648
"Trip3016",735
"Trip42977",761
"Trip19420",684
"Trip7160",815
"Trip37724",960
"Trip32834",579
"Trip32064",632
"Trip35032",936
"Trip26586",502
"Trip19942",885
"Trip36066",895
"Trip10497",549
"Trip23465",972
"Trip32671",533
"Trip42688",536
"Trip23817",953
"Trip11229",801
"Trip34274",943
"Trip11839",708
"Trip7592",672
"Trip27529",642
"Trip29970",684
"Trip29977",557
"Trip22418",982
"Trip21782",648
"Trip20162",756
"Trip27024",757
"Trip40609",614
"Trip6451",756
"Trip3001",873
"Trip18674",867
"Trip14054",918
"Trip17893",968
"Trip34753",654
"Trip42420",848
"Trip15292",676
"Trip23974",919
"Trip20081",842
"Trip9849",940
"Trip31935",787
"Trip29022",686
"Trip26715",913
"Trip4155",524
"Trip23135",859
"Trip28969",979
"Trip16211",921
"Trip25464",755
"Trip23960",537
"Trip24507",548
"Trip4118",619
"Trip38110",657
"Trip27390",784
"Trip9328",899
"Trip25370",755
"Trip37004",514
"Trip27642",849
"Trip3202",633
"Trip6468",505
"Trip26199",628
"Trip17892",784
"Trip2999",910
"Trip7100",531
"Trip33988",880
"Trip19821",513
"Trip23018",805
"Trip16198",663
"Trip14003",575
"Trip36829",870
"Trip31963",872
"Trip39086",897
"Trip9097",829
"Trip32986",576
"Trip13895",893
"Trip1504",878
"Trip11845",603
"Trip21759",638
"Trip27406",886
"Trip42360",779
"Trip3005",894
"Trip17222",769
"Trip37079",710
"Trip10659",565
"Trip2799",647
"Trip8593",816
"Trip20089",871
"Trip6687",860
"Trip12578",703
"Trip2431",982
"Trip15501",608
"Trip7819",958
"Trip11712",590
"Trip13130",601
"Trip39817",607
"Trip22345",781
"Trip16626",897
"Trip23430",656
"Trip8167",959
"Trip1680",506
"Trip27210",545
"Trip8272",994
"Trip32133",729
"Trip6417",903
"Trip7425",518
"Trip19660",760
"Trip18351",844
"Trip10811",826
"Trip43320",754
"Trip11221",916
"Trip35414",656
"Trip14226",596
"Trip35315",764
"Trip22428",621
"Trip28505",610
"Trip17424",944
"Trip18761",727
"Trip27065",623
"Trip1022",654
"Trip27020",737
"Trip2429",566
"Trip36536",730
"Trip21120",740
"Trip7700",642
"Trip28451",557
"Trip26130",986
"Trip13126",793
"Trip27841",654
"Trip41764",590
"Trip14410",989
"Trip29506",721
"Trip3459",679
"Trip10690",981
"Trip12731",726
"Trip41974",852
"Trip17645",887
"Trip14398",900
"Trip37469",755
"Trip19154",854
"Trip25790",639
"Trip35798",738
"Trip2141",739
"Trip36084",998
"Trip25738",523
"Trip24917",789
"Trip38967",584
"Trip38274",560
"Trip19646",788
"Trip28228",744
"Trip4271",625
"Trip14190",755
"Trip25418",679
"Trip6139",797
"Trip25274",635
"Trip21738",999
"Trip36652",505
"Trip2262",703
"Trip33539",842
"Trip8414",611
"Trip30693",739
"Trip35426",681
"Trip32535",831
"Trip4265",877
"Trip18985",928
"Trip6608",787
"Trip19053",540
"Trip18775",966
"Trip39109",779
"Trip18825",637
"Trip33330",981
"Trip18371",719
"Trip39024",748
"Trip8989",790
"Trip26973",879
"Trip31246",845
"Trip33320",932
"Trip8446",705
"Trip9400",728
"Trip13015",558
"Trip2608",814
"Trip2750",853
"Trip42136",941
"Trip40364",960
"Trip28136",953
"Trip5124",810
"Trip6306",695
"Trip35761",515
"Trip24610",561
"Trip3699",694
"Trip6114",566
"Trip6587",528
"Trip16148",518
"Trip9410",792
"Trip33782",617
"Trip8731",600
"Trip38742",514
"Trip18874",529
"Trip14755",916
"Trip37067",587
"Trip19601",943
"Trip17661",848
"Trip20424",856
"Trip11907",804
"Trip27750",838
"Trip35374",692
"Trip16606",871
"Trip19936",905
"Trip14876",735
"Trip26981",767
"Trip26466",931
"Trip41185",542
"Trip31428",714
"Trip14666",536
"Trip38402",955
"Trip24412",812
"Trip16836",914
"Trip38162",714
"Trip24961",660
"Trip12215",695
"Trip31070",740
"Trip10934",914
"Trip19350",618
"Trip27220",532
"Trip36284",751
"Trip19521",729
"Trip5540",755
"Trip8840",665
"Trip33075",792
"Trip36824",566
"Trip6174",996
"Trip24852",527
"Trip35935",732
"Trip42886",643
"Trip3723",878
"Trip19913",723
"Trip21957",719
"Trip18290",864
"Trip12813",556
"Trip28704",884
"Trip14983",538
"Trip20635",728
"Trip43814",684
"Trip35288",748
"Trip20396",787
"Trip6522",918
"Trip12634",770
"Trip22630",937
"Trip1608",706
"Trip35589",718
"Trip3103",505
"Trip8810",919
"Trip32049",798
"Trip4236",710
"Trip38218",533
"Trip11578",775
"Trip40972",820
"Trip11067",610
"Trip16657",971
"Trip21435",760
"Trip7404",937
"Trip21445",975
"Trip5625",607
"Trip32800",687
"Trip10112",502
"Trip23359",940
"Trip6029",798
"Trip5524",772
"Trip32488",975
"Trip3268",993
"Trip10398",503
"Trip4327",540
"Trip20058",991
"Trip39668",891
"Trip14065",972
"Trip24242",968
"Trip37670",584
"Trip6643",741
"Trip22261",662
"Trip6844",705
"Trip20063",811
"Trip4089",772
"Trip9634",712
"Trip23660",992
"Trip1354",826
"Trip11232",935
"Trip20954",945
"Trip5353",856
"Trip15297",603
"Trip30927",838
"Trip38771",924
"Trip30513",541
"Trip13636",803
"Trip26484",857
"Trip31832",516
"Trip33533",918
"Trip3698",700
"Trip6548",751
"Trip11524",953
"Trip11041",637
"Trip30592",740
"Trip11099",955
"Trip23997",606
"Trip31378",889
"Trip33652",918
"Trip9221",540
"Trip13896",990
"Trip20771",687
"Trip20171",955
"Trip33509",843
"Trip12554",615
"Trip26444",621
"Trip12969",939
"Trip15707",670
"Trip24334",584
"Trip41329",502
"Trip32688",645
"Trip31948",756
"Trip25266",596
"Trip38539",971
"Trip11179",791
"Trip14289",612
"Trip28080",722
"Trip29896",820
"Trip3732",695
"Trip29184",841
"Trip32029",852
"Trip3849",847
"Trip8969",712
"Trip32528",934
"Trip10842",953
"Trip30789",690
"Trip33125",933
"Trip4083",506
"Trip14077",984
"Trip5700",978
"Trip24613",615
"Trip6977",727
"Trip12677",760
"Trip41001",784
"Trip4985",624
"Trip25513",762
"Trip32836",581
"Trip33789",744
"Trip22480",609
"Trip27980",715
"Trip8983",612
"Trip1831",615
"Trip16023",788
"Trip43000",507
"Trip26805",990
"Trip19879",818
"Trip4448",808
"Trip2974",775
"Trip5477",826
"Trip27836",859
"Trip10540",714
"Trip19068",665
"Trip21296",721
"Trip40746",532
"Trip25363",791
"Trip2350",930
"Trip29386",999
"Trip16313",776
"Trip1036",684
"Trip19440",746
"Trip17294",820
"Trip16134",640
"Trip27078",640
"Trip1574",951
"Trip24587",944
"Trip33632",706
"Trip19787",815
"Trip1834",703
"Trip8727",859
"Trip22209",506
"Trip43317",780
"Trip21753",725
"Trip14461",887
"Trip32727",503
"Trip26138",965
"Trip27008",950
"Trip3865",1000
"Trip12453",739
"Trip38657",795
"Trip8738",815
"Trip34679",898
"Trip24535",897
"Trip37269",770
"Trip41924",906
"Trip1776",507
"Trip1333",568
"Trip1671",787
"Trip26670",697
"Trip43855",899
"Trip18496",626
"Trip15456",890
"Trip38613",604
"Trip8762",884
"Trip15012",873
"Trip6652",501
"Trip15559",728
"Trip25227",794
"Trip27466",944
"Trip9466",768
"Trip18299",976
"Trip30599",864
"Trip40712",707
"Trip4756",969
"Trip6821",730
"Trip29997",913
"Trip10590",833
"Trip16625",655
"Trip14196",716
"Trip34686",778
"Trip33363",995
"Trip17338",715
"Trip6995",748
"Trip42278",620
"Trip17729",674
"Trip39021",735
"Trip32461",507
"Trip34431",569
"Trip37277",780
"Trip42822",898
"Trip10523",990
"Trip4634",730
"Trip31513",577
"Trip19256",682
"Trip34971",804
"Trip9149",686
"Trip33332",826
"Trip4534",875
"Trip15119",671
"Trip9795",882
"Trip16182",669
"Trip36517",906
"Trip42885",730
"Trip27744",535
"Trip23460",551
"Trip9544",667
"Trip10635",521
"Trip42398",926
"Trip26133",911
"Trip23066",635
"Trip30172",879
"Trip10521",674
"Trip32500",881
"Trip23980",777
"Trip41068",869
"Trip13599",513
"Trip25466",805
"Trip34105",643
"Trip20133",867
"Trip24574",517
"Trip4309",854
"Trip6073",704
"Trip38270",837
"Trip3601",520
"Trip43856",811
"Trip16784",658
"Trip4860",512
"Trip19019",733
"Trip32066",776
"Trip27362",815
"Trip34373",944
"Trip11185",667
"Trip33924",999
"Trip37975",696
"Trip9249",960
"Trip9117",852
"Trip21214",976
"Trip1300",874
"Trip29230",767
"Trip14128",841
"Trip18175",780
"Trip36139",665
"Trip26350",651
"Trip29720",618
"Trip6013",500
"Trip29403",741
"Trip41436",933
"Trip16169",690
"Trip19287",532
"Trip38610",760
"Trip16916",758
"Trip4981",799
"Trip13375",536
"Trip1447",697
"Trip3591",920
"Trip32664",934
"Trip22402",745
"Trip1986",822
"Trip4029",677
"Trip13396",510
"Trip21059",822
"Trip15652",968
"Trip17876",692
"Trip18861",993
"Trip36590",954
"Trip38827",549
"Trip23921",835
"Trip33627",925
"Trip8489",520
"Trip3729",843
"Trip1351",501
"Trip23445",845
"Trip25542",690
"Trip26361",617
"Trip17161",704
"Trip12123",855
"Trip9901",789
"Trip7500",679
"Trip38357",860
"Trip16037",882
"Trip8359",779
"Trip37674",915
"Trip6944",522
"Trip7051",617
"Trip15884",524
"Trip12154",755
"Trip8267",500
"Trip13102",539
"Trip18622",828
"Trip20677",848
"Trip5628",722
"Trip25438",695
"Trip9791",684
"Trip37093",568
"Trip13314",818
"Trip3115",632
"Trip21596",904
"Trip29195",676
"Trip29203",704
"Trip3162",739
"Trip1332",606
"Trip30069",510
"Trip34980",986
"Trip28393",608
"Trip17494",856
"Trip5082",711
"Trip41081",817
"Trip18699",777
"Trip2245",776
"Trip16684",934
"Trip16164",818
"Trip20514",505
"Trip33989",787
"Trip7253",941
"Trip2098",764
"Trip34070",845
"Trip11605",522
"Trip6364",757
"Trip13979",881
"Trip12172",855
"Trip25445",728
"Trip34269",522
"Trip18167",839
"Trip27470",840
"Trip7889",714
"Trip9486",627
"Trip8507",923
"Trip27898",515
"Trip14164",637
"Trip1118",583
"Trip20343",784
"Trip9415",699
"Trip32502",980
"Trip27061",660
"Trip24617",879
"Trip26751",738
"Trip13841",624
"Trip27587",967
"Trip30626",916
"Trip2400",634
"Trip14009",968
"Trip20125",622
"Trip36743",897
"Trip8911",783
"Trip35396",859
"Trip43727",583
"Trip39423",757
"Trip5517",812
"Trip42821",706
"Trip30358",858
"Trip32993",866
"Trip18910",723
"Trip43018",518
"Trip21882",809
"Trip14150",864
"Trip35338",506
"Trip3338",890
"Trip8266",674
"Trip33695",854
"Trip1491",548
"Trip30444",686
"Trip19173",850
"Trip24261",509
"Trip40631",894
"Trip43722",888
"Trip16994",952
"Trip27202",968
"Trip8388",643
"Trip31856",576
"Trip10462",834
"Trip5192",943
"Trip15045",642
"Trip23543",657
"Trip39617",503
"Trip34142",659
"Trip21986",966
"Trip7646",525
"Trip29012",786
"Trip39630",759
"Trip32229",970
"Trip1678",558
"Trip4413",807
"Trip7026",671
"Trip24274",875
"Trip38398",855
"Trip21695",745
"Trip42284",885
"Trip8884",929
"Trip43510",639
"Trip15880",541
"Trip5123",787
"Trip14152",1000
"Trip23646",532
"Trip39094",643
"Trip14546",981
"Trip8918",842
"Trip11024",824
"Trip3567",872
"Trip32531",720
"Trip3323",599
"Trip40782",990
"Trip1501",743
"Trip42694",764
"Trip21622",983
"Trip36486",543
"Trip40184",727
"Trip43863",956
"Trip9796",748
"Trip16091",647
"Trip1315",675
"Trip28528",725
"Trip34044",929
"Trip23943",764
"Trip31653",531
"Trip5386",981
"Trip22495",994
"Trip25082",997
"Trip41326",740
"Trip22019",541
"Trip3518",987
"Trip21633",647
"Trip8162",619
"Trip21254",661
"Trip5339",519
"Trip35157",543
"Trip29807",941
"Trip39060",902
"Trip43528",573
"Trip37703",560
"Trip8021",949
"Trip6485",729
"Trip32361",738
"Trip27305",793
"Trip11300",679
"Trip14959",833
"Trip2191",885
"Trip8169",648
"Trip12357",850
"Trip33372",808
"Trip5049",510
"Trip7595",798
"Trip1021",952
"Trip13624",560
"Trip36267",901
"Trip2305",811
"Trip17984",547
"Trip4011",536
"Trip31085",978
"Trip18937",683
"Trip7512",888
"Trip23808",922
"Trip9919",527
"Trip11750",660
"Trip35440",973
"Trip32912",983
"Trip33528",966
"Trip18136",512
"Trip24523",757
"Trip39278",874
"Trip12605",839
"Trip16619",908
"Trip18939",933
"Trip39798",807
"Trip1394",524
"Trip35070",877
"Trip1743",931
"Trip29717",785
"Trip1572",729
"Trip18978",674
"Trip4240",860
"Trip4020",500
"Trip21577",969
"Trip34955",605
"Trip18086",887
"Trip14346",994
"Trip33362",687
"Trip18796",986
"Trip21243",833
"Trip26420",562
"Trip19574",664
"Trip3375",647
"Trip16970",765
"Trip22082",606
"Trip23874",761
"Trip15185",711
"Trip13853",618
"Trip11567",848
"Trip8098",566
"Trip13786",744
"Trip14396",540
"Trip13459",511
"Trip23327",793
"Trip5554",537
"Trip25569",736
"Trip4677",709
"Trip17133",900
"Trip18468",847
"Trip9109",733
"Trip28942",872
"Trip33836",903
"Trip43820",784
"Trip5636",632
"Trip17016",960
"Trip14964",971
"Trip3109",782
"Trip18927",997
"Trip25740",939
"Trip7338",635
"Trip31627",914
"Trip18210",913
"Trip18860",649
"Trip15067",743
"Trip41722",543
"Trip42790",779
"Trip39243",679
"Trip20443",676
"Trip8229",980
"Trip37560",750
"Trip23700",599
"Trip39926",930
"Trip40856",790
"Trip26633",727
"Trip31095",851
"Trip17032",971
"Trip42603",692
"Trip3717",694
"Trip38619",570
"Trip23955",575
"Trip32196",999
"Trip20410",549
"Trip7277",783
"Trip37389",999
"Trip2074",945
"Trip38234",520
"Trip1012",974
"Trip3562",898
"Trip13055",732
"Trip38684",793
"Trip12532",986
"Trip11007",689
"Trip15733",597
"Trip24192",728
"Trip33659",857
"Trip12383",840
"Trip20654",989
"Trip10257",781
"Trip18618",967
"Trip19762",833
"Trip16393",665
"Trip35433",962
"Trip9621",637
"Trip33890",563
"Trip42555",693
"Trip36965",910
"Trip36067",618
"Trip41520",800
"Trip6284",766
"Trip26202",778
"Trip23125",707
"Trip32050",824
"Trip3398",649
"Trip35839",646
"Trip36791",608
"Trip30494",597
"Trip17903",531
"Trip25120",992
"Trip4588",730
"Trip37057",751
"Trip25310",750
"Trip14493",633
"Trip36529",659
"Trip35549",581
"Trip38395",998
"Trip8252",838
"Trip13909",809
"Trip28374",541
"Trip2728",798
"Trip25537",746
"Trip22433",570
"Trip12620",548
"Trip43348",786
"Trip24216",566
"Trip2172",585
"Trip39724",696
"Trip41704",837
"Trip37249",929
"Trip16170",800
"Trip17193",676
"Trip7214",552
"Trip7098",929
"Trip15204",539
"Trip33450",983
"Trip42766",990
"Trip17350",562
"Trip2528",719
"Trip15805",941
"Trip35233",904
"Trip37499",894
"Trip7814",706
"Trip39794",904
"Trip37390",995
"Trip18432",615
"Trip16569",902
"Trip7861",887
"Trip6466",599
"Trip4407",507
"Trip21156",515
"Trip31765",848
"Trip34637",863
"Trip26225",564
"Trip40822",632
"Trip12436",727
"Trip30264",709
"Trip39554",748
"Trip22407",950
"Trip17602",537
"Trip1851",624
"Trip2884",637
"Trip19428",910
"Trip14896",780
"Trip29543",929
"Trip36033",601
"Trip9619",512
"Trip8318",581
"Trip20224",658
"Trip18163",812
"Trip30175",657
"Trip23457",815
"Trip4283",848
"Trip29232",893
"Trip37749",553
"Trip2928",660
"Trip13789",975
"Trip9562",522
"Trip17748",616
"Trip29245",685
"Trip9649",992
"Trip27965",880
"Trip11705",659
"Trip37139",799
"Trip42113",705
"Trip38229",737
"Trip20708",706
"Trip7200",581
"Trip35485",791
"Trip30030",678
"Trip29756",856
"Trip26906",870
"Trip40838",521
"Trip36437",593
"Trip13545",906
"Trip35061",699
"Trip35463",566
"Trip4214",685
"Trip32786",653
"Trip8274",734
"Trip37289",544
"Trip40178",799
"Trip29818",539
"Trip1550",920
"Trip13395",949
"Trip17387",533
"Trip9821",533
"Trip28559",837
"Trip23439",854
"Trip32008",745
"Trip34818",807
"Trip43494",536
"Trip29763",679
"Trip37439",777
"Trip11483",575
"Trip25697",938
"Trip35376",681
"Trip17979",524
"Trip21391",759
"Trip32883",605
"Trip41394",896
"Trip14025",912
"Trip7307",518
"Trip13943",900
"Trip34246",872
"Trip17334",795
"Trip27426",972
"Trip20258",816
"Trip3434",959
"Trip43664",788
"Trip16212",583
"Trip30398",771
"Trip10917",568
"Trip13828",744
"Trip4064",747
"Trip3324",725
"Trip7502",832
"Trip10417",519
"Trip24247",691
"Trip40909",955
"Trip13281",773
"Trip2226",700
"Trip31831",755
"Trip38597",898
"Trip41563",724
"Trip18089",719
"Trip20529",670
"Trip43476",607
"Trip17808",802
"Trip13776",849
"Trip12722",599
"Trip11842",783
"Trip41395",897
"Trip40051",912
"Trip27957",886
"Trip17195",975
"Trip24810",650
"Trip4450",791
"Trip43876",983
"Trip1039",872
"Trip25091",990
"Trip14397",929
"Trip38494",665
"Trip33548",917
"Trip15787",680
"Trip17820",922
"Trip33272",555
"Trip19453",795
"Trip41201",930
"Trip24605",847
"Trip41323",579
"Trip37780",716
"Trip20106",687
"Trip43037",636
"Trip38414",619
"Trip5234",645
"Trip21346",578
"Trip43497",529
"Trip20141",783
"Trip3014",799
"Trip18354",887
"Trip15382",607
"Trip28812",886
"Trip5318",536
"Trip36712",946
"Trip2886",647
"Trip13417",936
"Trip23456",967
"Trip10475",500
"Trip3187",782
"Trip23727",787
"Trip38171",772
"Trip32186",864
"Trip27558",741
"Trip33994",837
"Trip32011",821
"Trip39352",505
"Trip16266",586
"Trip9150",545
"Trip10073",608
"Trip17445",979
"Trip11058",927
"Trip40476",739
"Trip6219",684
"Trip21459",885
"Trip24098",712
"Trip27023",566
"Trip30622",848
"Trip13032",513
"Trip33549",690
"Trip1685",867
"Trip29730",807
"Trip21320",639
"Trip2558",924
"Trip20840",939
"Trip37228",825
"Trip20492",738
"Trip29964",825
"Trip36615",674
"Trip9524",645
"Trip13021",557
"Trip19389",575
"Trip20617",721
"Trip33573",697
"Trip31510",658
"Trip11015",858
"Trip3894",744
"Trip33527",839
"Trip6739",638
"Trip14223",977
"Trip30779",978
"Trip21367",536
"Trip4137",702
"Trip17680",813
"Trip15151",827
"Trip38633",808
"Trip14371",694
"Trip27885",775
"Trip38445",691
"Trip3395",670
"Trip8808",532
"Trip15741",837
"Trip23604",561
"Trip10464",687
"Trip18309",523
"Trip20620",822
"Trip11706",970
"Trip16638",925
"Trip22559",607
"Trip18850",935
"Trip15800",741
"Trip35745",938
"Trip26187",574
"Trip43003",837
"Trip16423",659
"Trip43571",899
"Trip17872",545
"Trip8431",535
"Trip38491",842
"Trip43076",701
"Trip28330",565
"Trip11521",949
"Trip7179",782
"Trip32643",692
"Trip42956",747
"Trip35167",972
"Trip30207",873
"Trip25583",754
"Trip10225",693
"Trip34996",740
"Trip43318",905
"Trip40926",672
"Trip37676",879
"Trip7065",789
"Trip37302",841
"Trip39896",695
"Trip28381",619
"Trip32686",938
"Trip43838",810
"Trip43206",571
"Trip31158",599
"Trip17302",599
"Trip9623",688
"Trip41875",674
"Trip3857",829
"Trip13467",720
"Trip20147",706
"Trip32579",959
"Trip38343",533
"Trip33718",575
"Trip28493",555
"Trip14467",668
"Trip40944",596
"Trip33683",763
"Trip23210",858
"Trip37166",526
"Trip1862",804
"Trip19402",706
"Trip33943",605
"Trip34621",577
"Trip9362",562
"Trip35613",732
"Trip19419",535
"Trip32828",683
"Trip20251",705
"Trip1049",779
"Trip19429",505
"Trip12180",644
"Trip35393",961
"Trip22484",644
"Trip32646",679
"Trip22052",942
"Trip10200",740
"Trip14194",689
"Trip20240",558
"Trip14644",997
"Trip26631",623
"Trip41481",917
"Trip18590",811
"Trip14947",574
"Trip17975",665
"Trip42930",963
"Trip5330",556
"Trip6749",763
"Trip30070",618
"Trip18007",533
"Trip36395",935
"Trip22668",636
"Trip5717",714
"Trip14113",857
"Trip36677",563
"Trip39141",968
"Trip33625",565
"Trip25004",566
"Trip6875",604
"Trip29331",959
"Trip16288",700
"Trip7768",857
"Trip31720",737
"Trip9125",612
"Trip6921",657
"Trip18223",806
"Trip28090",768
"Trip33048",549
"Trip24373",758
"Trip10777",878
"Trip34039",780
"Trip35407",679
"Trip13589",797
"Trip16082",548
"Trip27638",884
"Trip34037",796
"Trip40328",888
"Trip15917",625
"Trip1040",639
"Trip35711",722
"Trip35533",775
"Trip31724",616
"Trip24623",958
"Trip34572",850
"Trip30460",875
"Trip35348",579
"Trip31255",909
"Trip43222",665
"Trip23471",711
"Trip12571",823
"Trip22528",532
"Trip13855",673
"Trip25353",588
"Trip34646",744
"Trip29645",731
"Trip11050",591
"Trip36607",933
"Trip27734",809
"Trip20220",665
"Trip14187",973
"Trip42266",723
"Trip12371",538
"Trip17906",786
"Trip38917",798
"Trip9460",990
"Trip19062",830
"Trip21091",712
"Trip10713",598
"Trip31306",819
"Trip27969",952
"Trip23650",680
"Trip14873",736
"Trip34837",576
"Trip26836",514
"Trip24212",523
"Trip20671",533
"Trip7412",850
"Trip38392",723
"Trip9000",625
"Trip36592",761
"Trip18368",794
"Trip21285",980
"Trip23990",592
"Trip5559",602
"Trip23108",853
"Trip26128",507
"Trip36921",956
"Trip33877",823
"Trip34714",984
"Trip15620",943
"Trip20557",991
"Trip20249",768
"Trip9926",867
"Trip8778",956
"Trip7085",832
"Trip22227",903
"Trip33754",728
"Trip33719",652
"Trip13820",746
"Trip5497",660
"Trip21133",767
"Trip8330",582
"Trip29471",898
"Trip1663",900
"Trip13354",720
"Trip20022",521
"Trip22590",864
"Trip26021",506
"Trip28332",842
"Trip22766",634
"Trip36758",888
"Trip5526",687
"Trip40259",962
"Trip23138",687
"Trip34549",962
"Trip34576",740
"Trip9172",716
"Trip24050",980
"Trip25468",898
"Trip15353",945
"Trip9110",665
"Trip27578",570
"Trip23244",659
"Trip26328",643
"Trip6744",650
"Trip21262",953
"Trip39349",753
"Trip13004",732
"Trip20368",778
"Trip31138",841
"Trip37645",962
"Trip17971",794
"Trip28968",953
"Trip13083",873
"Trip40557",983
"Trip33670",536
"Trip34261",693
"Trip11227",746
"Trip15146",538
"Trip37587",936
"Trip7720",800
"Trip8170",824
"Trip8632",500
"Trip20908",773
"Trip25995",555
"Trip9075",658
"Trip7566",627
"Trip30701",894
"Trip6924",665
"Trip2169",778
"Trip20752",840
"Trip35759",707
"Trip4773",533
"Trip30473",790
"Trip24658",911
"Trip4990",982
"Trip12775",958
"Trip17574",679
"Trip40999",755
"Trip26667",877
"Trip13503",781
"Trip5690",802
"Trip10300",932
"Trip34885",870
"Trip35037",956
"Trip34967",525
"Trip31742",565
"Trip2105",608
"Trip41349",599
"Trip19283",950
"Trip32440",882
"Trip40954",969
"Trip4921",634
"Trip12461",954
"Trip15237",690
"Trip3844",832
"Trip37924",720
"Trip28019",902
"Trip36916",912
"Trip18531",829
"Trip41196",777
"Trip33452",845
"Trip31701",815
"Trip35615",791
"Trip41907",821
"Trip29364",876
"Trip1672",745
"Trip17396",599
"Trip36774",507
"Trip1766",819
"Trip1720",800
"Trip24926",557
"Trip40790",647
"Trip31947",826
"Trip8713",934
"Trip31619",753
"Trip29173",986
"Trip30187",849
"Trip10522",974
"Trip33687",964
"Trip40502",810
"Trip10569",913
"Trip23933",875
"Trip21579",750
"Trip2211",566
"Trip16137",866
"Trip7541",560
"Trip9707",894
"Trip11711",973
"Trip1759",615
"Trip34265",916
"Trip3377",967
"Trip3510",975
"Trip15463",731
"Trip28754",595
"Trip17667",974
"Trip20284",822
"Trip31145",766
"Trip29039",893
"Trip1784",791
"Trip31268",682
"Trip10493",677
"Trip19020",761
"Trip21180",616
"Trip36931",525
"Trip21875",949
"Trip34030",611
"Trip20438",914
"Trip13693",947
"Trip17480",737
"Trip15651",907
"Trip10916",986
"Trip30516",825
"Trip14646",941
"Trip27218",677
"Trip18710",839
"Trip41576",592
"Trip4372",901
"Trip21991",871
"Trip35182",736
"Trip21737",840
"Trip30265",977
"Trip39013",773
"Trip42788",656
"Trip11223",711
"Trip33391",674
"Trip38920",545
"Trip33129",608
"Trip3788",738
"Trip14498",570
"Trip33926",580
"Trip22255",721
"Trip35474",502
"Trip12434",916
"Trip35617",890
"Trip42873",651
"Trip16462",592
"Trip34675",638
"Trip29425",807
"Trip23043",588
"Trip4989",732
"Trip36488",846
"Trip9491",723
"Trip35622",882
"Trip37167",936
"Trip15175",976
"Trip36627",816
"Trip10812",935
"Trip16874",698
"Trip35151",793
"Trip20896",994
"Trip5935",915
"Trip37396",919
"Trip11533",986
"Trip28300",590
"Trip4668",808
"Trip3561",875
"Trip38926",752
"Trip27826",505
"Trip35281",781
"Trip23068",853
"Trip10965",793
"Trip29991",653
"Trip17723",769
"Trip8315",975
"Trip21877",640
"Trip14110",566
"Trip22325",905
"Trip30939",541
"Trip27701",660
"Trip33972",512
"Trip16205",854
"Trip6197",593
"Trip28939",817
"Trip19054",766
"Trip25948",793
"Trip31589",547
"Trip33189",858
"Trip16628",912
"Trip33390",684
"Trip30237",877
"Trip11188",645
"Trip8288",856
"Trip28791",735
"Trip13446",777
"Trip23257",509
"Trip8720",601
"Trip30730",984
"Trip1463",840
"Trip15718",572
"Trip25675",980
"Trip5954",982
"Trip16688",900
"Trip34224",956
"Trip37839",683
"Trip24959",764
"Trip27631",548
"Trip6266",708
"Trip27985",921
"Trip33948",786
"Trip7548",654
"Trip31004",513
"Trip2943",664
"Trip14812",742
"Trip11688",770
"Trip31919",672
"Trip30570",991
"Trip18430",931
"Trip27084",850
"Trip28117",896
"Trip37168",949
"Trip15374",805
"Trip3914",711
"Trip27138",918
"Trip27289",774
"Trip39827",953
"Trip25140",804
"Trip20386",661
"Trip33975",645
"Trip19941",599
"Trip24245",645
"Trip4434",883
"Trip38955",685
"Trip15434",611
"Trip29759",962
"Trip17008",951
"Trip17962",739
"Trip11234",665
"Trip24794",608
"Trip12011",554
"Trip8073",836
"Trip1487",827
"Trip43807",782
"Trip11695",884
"Trip13066",972
"Trip23996",638
"Trip32159",717
"Trip4381",884
"Trip18537",573
"Trip40824",724
"Trip24591",873
"Trip16622",692
"Trip31323",855
"Trip29643",727
"Trip7583",510
"Trip26209",934
"Trip12431",753
"Trip16285",753
"Trip8171",548
"Trip17501",544
"Trip34434",891
"Trip43562",999
"Trip15832",754
"Trip19499",989
"Trip14674",873
"Trip30649",801
"Trip8460",829
"Trip35983",565
"Trip27338",864
"Trip42279",592
"Trip17936",751
"Trip2951",604
"Trip34252",665
"Trip40544",596
"Trip20764",769
"Trip33207",857
"Trip40587",672
"Trip26932",657
"Trip14733",578
"Trip29731",863
"Trip20241",740
"Trip34691",577
"Trip39876",942
"Trip36725",970
"Trip35494",1000
"Trip16097",586
"Trip26423",922
"Trip20974",679
"Trip8498",989
"Trip14225",866
"Trip13276",996
"Trip15300",721
"Trip8181",739
"Trip32863",532
"Trip25163",679
"Trip23629",890
"Trip27784",768
"Trip11955",628
"Trip40593",704
"Trip13986",882
"Trip2120",891
"Trip34217",549
"Trip17098",691
"Trip40859",873
"Trip40694",502
"Trip19501",865
"Trip26080",639
"Trip1406",833
"Trip21916",586
"Trip36438",726
"Trip6639",542
"Trip19220",912
"Trip39206",635
"Trip36473",758
"Trip31492",996
"Trip37692",803
"Trip36384",819
"Trip39997",872
"Trip36868",727
"Trip20766",889
"Trip19486",650
"Trip43243",502
"Trip24797",878
"Trip5175",999
"Trip40919",918
"Trip26163",631
"Trip5678",881
"Trip20819",711
"Trip7380",782
"Trip43354",728
"Trip8362",904
"Trip11882",580
"Trip19203",807
"Trip20692",646
"Trip11513",821
"Trip34001",959
"Trip31481",743
"Trip6380",793
"Trip15218",890
"Trip11791",856
"Trip42276",922
"Trip11333",780
"Trip7140",630
"Trip34292",716
"Trip15287",552
"Trip35663",782
"Trip15788",962
"Trip28159",767
"Trip12851",985
"Trip34783",736
"Trip10728",755
"Trip14129",914
"Trip10128",832
"Trip17789",826
"Trip16586",629
"Trip24065",728
"Trip2319",595
"Trip10324",918
"Trip2019",860
"Trip5747",577
"Trip28104",786
"Trip40706",638
"Trip22508",931
"Trip30632",534
"Trip39453",596
"Trip38754",514
"Trip11087",849
"Trip38175",577
"Trip41939",640
"Trip20216",611
"Trip33932",965
"Trip11929",616
"Trip13496",566
"Trip26920",542
"Trip23902",842
"Trip11276",565
"Trip39233",979
"Trip42684",556
"Trip7141",511
"Trip6079",843
"Trip14752",623
"Trip2808",515
"Trip19452",537
"Trip34978",785
"Trip9175",839
"Trip7542",654
"Trip26274",942
"Trip39365",998
"Trip17452",993
"Trip18160",922
"Trip2161",608
"Trip5453",619
"Trip23845",694
"Trip43081",679
"Trip34973",519
"Trip19900",961
"Trip33831",931
"Trip23147",946
"Trip24659",814
"Trip13073",771
"Trip5520",876
"Trip29667",596
"Trip17128",889
"Trip5071",678
"Trip24267",569
"Trip9185",911
"Trip22441",742
"Trip18824",913
"Trip39932",728
"Trip43022",516
"Trip21630",934
"Trip22414",701
"Trip2893",593
"Trip39380",741
"Trip43218",841
"Trip39682",628
"Trip4820",616
"Trip7675",697
"Trip22601",960
"Trip12626",855
"Trip18065",531
"Trip7264",702
"Trip42042",607
"Trip23271",673
"Trip21667",862
"Trip21060",876
"Trip15369",794
"Trip4074",790
"Trip13134",930
"Trip21220",773
"Trip41553",685
"Trip7079",751
"Trip4822",870
"Trip29696",671
"Trip11199",562
"Trip43550",882
"Trip20359",765
"Trip43811",911
"Trip32356",860
"Trip37980",876
"Trip14176",788
"Trip31184",728
"Trip24489",508
"Trip25357",526
"Trip5104",897
"Trip27386",549
"Trip4346",553
"Trip37729",729
"Trip27563",747
"Trip34398",854
"Trip9182",558
"Trip41874",934
"Trip25706",981
"Trip38766",722
"Trip1187",623
"Trip6746",871
"Trip30678",940
"Trip10683",545
"Trip42431",844
"Trip7298",770
"Trip10685",778
"Trip38034",978
"Trip31829",521
"Trip32468",989
"Trip3590",643
"Trip13839",519
"Trip35324",898
"Trip22747",900
"Trip8555",891
"Trip39483",690
"Trip5624",540
"Trip4844",808
"Trip2349",668
"Trip31272",604
"Trip36484",555
"Trip10061",510
"Trip39177",931
"Trip8193",682
"Trip41135",549
"Trip19487",563
"Trip33973",748
"Trip32334",653
"Trip27311",743
"Trip36229",519
"Trip39084",617
"Trip17827",612
"Trip42572",553
"Trip26908",633
"Trip10426",538
"Trip2673",702
"Trip41606",733
"Trip9941",852
"Trip31616",870
"Trip36543",947
"Trip4378",795
"Trip6274",780
"Trip18097",996
"Trip26254",921
"Trip28990",831
"Trip14453",930
"Trip21643",948
"Trip25149",593
"Trip43583",501
"Trip28364",915
"Trip5889",744
"Trip25520",854
"Trip36455",821
"Trip3081",757
"Trip31601",566
"Trip30217",695
"Trip19538",515
"Trip18509",816
"Trip19838",550
"Trip4659",612
"Trip15164",555
"Trip32155",870
"Trip1445",688
"Trip2444",617
"Trip32569",886
"Trip40612",830
"Trip20301",555
"Trip5077",620
"Trip35051",751
"Trip11140",852
"Trip38566",578
"Trip35409",669
"Trip35252",988
"Trip27205",696
"Trip24389",673
"Trip10484",810
"Trip23864",808
"Trip31813",645
"Trip7033",945
"Trip30847",819
"Trip25901",830
"Trip42123",615
"Trip27179",985
"Trip38900",739
"Trip27800",629
"Trip38358",900
"Trip20705",751
"Trip33998",602
"Trip7420",969
"Trip25072",667
"Trip7400",639
"Trip26295",779
"Trip15899",532
"Trip35453",806
"Trip32102",745
"Trip2758",605
"Trip32936",855
"Trip38012",924
"Trip19099",679
"Trip36717",749
"Trip34278",729
"Trip8813",580
"Trip11373",721
"Trip11138",523
"Trip8962",670
"Trip37932",598
"Trip28150",628
"Trip20768",662
"Trip5061",1000
"Trip33497",648
"Trip23915",996
"Trip28764",605
"Trip34195",709
"Trip27634",523
"Trip21973",983
"Trip28741",838
"Trip4282",797
"Trip2612",516
"Trip16140",856
"Trip5407",786
"Trip29413",526
"Trip16780",645
"Trip9534",677
"Trip2754",752
"Trip19632",802
"Trip13324",820
"Trip35696",915
"Trip3628",978
"Trip36752",828
"Trip5852",778
"Trip34823",653
"Trip23920",503
"Trip11422",710
"Trip22861",823
"Trip3400",946
"Trip2158",762
"Trip22163",923
"Trip13619",736
"Trip35265",602
"Trip19310",855
"Trip43011",639
"Trip15133",602
"Trip17363",730
"Trip14071",906
"Trip24420",828
"Trip13167",515
"Trip3443",535
"Trip6923",618
"Trip20317",953
"Trip17860",888
"Trip27126",586
"Trip21404",586
"Trip42128",794
"Trip33433",606
"Trip7442",726
"Trip37296",754
"Trip12689",600
"Trip35249",864
"Trip4755",958
"Trip15902",905
"Trip11659",678
"Trip10220",895
"Trip30360",915
"Trip8834",671
"Trip23716",695
"Trip38158",800
"Trip10100",825
"Trip4939",556
"Trip2201",781
"Trip32010",745
"Trip31621",526
"Trip39531",866
"Trip15804",788
"Trip24144",763
"Trip16258",593
"Trip3751",813
"Trip16610",785
"Trip13198",593
"Trip28863",677
"Trip35846",706
"Trip31276",577
"Trip2041",840
"Trip16804",833
"Trip1769",737
"Trip37430",540
"Trip13474",691
"Trip24332",1000
"Trip19152",872
"Trip21956",693
"Trip40819",813
"Trip21183",749
"Trip17208",758
"Trip18955",747
"Trip29197",934
"Trip38038",997
"Trip21803",944
"Trip26125",829
"Trip16636",923
"Trip21801",670
"Trip5109",659
"Trip33026",793
"Trip23794",970
"Trip21650",875
"Trip16021",664
"Trip18764",745
"Trip17714",894
"Trip38592",740
"Trip33869",722
"Trip26544",757
"Trip21959",873
"Trip40113",630
"Trip10669",658
"Trip4630",533
"Trip40307",779
"Trip14210",628
"Trip22841",1000
"Trip19677",790
"Trip37877",755
"Trip28114",760
"Trip34062",778
"Trip30453",720
"Trip41378",568
"Trip29252",600
"Trip17802",954
"Trip28524",726
"Trip37618",723
"Trip30596",875
"Trip28450",654
"Trip27923",679
"Trip33447",667
"Trip1159",666
"Trip30369",790
"Trip3504",598
"Trip2249",589
"Trip16168",843
"Trip14284",871
"Trip30530",665
"Trip38674",684
"Trip43720",993
"Trip31108",550
"Trip6463",641
"Trip13477",666
"Trip17631",689
"Trip9984",718
"Trip15256",780
"Trip33338",726
"Trip2125",789
"Trip38629",506
"Trip1828",769
"Trip40305",714
"Trip9012",516
"Trip43144",599
"Trip21685",745
"Trip30547",932
"Trip23824",713
"Trip12801",790
"Trip8195",583
"Trip34782",886
"Trip35877",608
"Trip18043",775
"Trip37930",948
"Trip24311",645
"Trip21898",705
"Trip35083",590
"Trip20232",613
"Trip16031",626
"Trip30472",904
"Trip19929",702
"Trip35873",729
"Trip28879",903
"Trip35632",852
"Trip24251",854
"Trip29329",921
"Trip9442",645
"Trip25660",565
"Trip32551",884
"Trip41546",954
"Trip2834",760
"Trip33230",621
"Trip40752",518
"Trip6325",520
"Trip8906",758
"Trip38396",998
"Trip28068",999
"Trip27875",544
"Trip32816",783
"Trip20045",938
"Trip29762",728
"Trip21113",867
"Trip6117",831
"Trip37451",697
"Trip36904",588
"Trip30284",512
"Trip2365",751
"Trip38719",840
"Trip20202",934
"Trip30798",904
"Trip41919",740
"Trip27009",669
"Trip1567",619
"Trip10670",552
"Trip7624",581
"Trip5043",610
"Trip19803",684
"Trip4809",716
"Trip18125",950
"Trip39976",500
"Trip5918",673
"Trip38061",699
"Trip24153",816
"Trip19818",807
"Trip2117",818
"Trip20694",930
"Trip39575",572
"Trip3111",584
"Trip15160",846
"Trip36816",521
"Trip31342",551
"Trip13401",681
"Trip17595",682
"Trip12584",739
"Trip1822",617
"Trip29523",709
"Trip24590",733
"Trip20085",993
"Trip9979",949
"Trip42326",738
"Trip14291",721
"Trip33722",942
"Trip11901",516
"Trip27655",742
"Trip39557",778
"Trip38498",671
"Trip12613",677
"Trip4072",834
"Trip19911",840
"Trip3050",966
"Trip24391",791
"Trip23971",602
"Trip9434",702
"Trip37464",783
"Trip37828",730
"Trip21708",654
"Trip31896",699
"Trip3140",754
"Trip10043",787
"Trip42713",816
"Trip42342",732
"Trip33666",754
"Trip20407",546
"Trip1321",680
"Trip14102",752
"Trip15469",679
"Trip33132",945
"Trip27827",558
"Trip18479",771
"Trip40334",660
"Trip33304",594
"Trip6597",874
"Trip26370",868
"Trip26608",528
"Trip26308",703
"Trip23555",867
"Trip8818",748
"Trip15227",624
"Trip40008",617
"Trip40108",712
"Trip28790",777
"Trip27581",525
"Trip4479",899
"Trip15101",952
"Trip25970",604
"Trip27560",538
"Trip34160",973
"Trip27590",700
"Trip1582",553
"Trip24369",816
"Trip19730",564
"Trip11860",503
"Trip31830",837
"Trip20767",674
"Trip12270",503
"Trip5915",764
"Trip42122",944
"Trip18311",507
"Trip13734",644
"Trip25897",825
"Trip30274",859
"Trip12259",792
"Trip24239",622
"Trip16311",635
"Trip23245",547
"Trip9860",683
"Trip34341",739
"Trip4577",610
"Trip24920",872
"Trip28854",625
"Trip20235",991
"Trip30158",836
"Trip16487",687
"Trip5917",978
"Trip10837",543
"Trip43604",798
"Trip33678",696
"Trip10751",865
"Trip36654",715
"Trip9657",993
"Trip22235",624
"Trip30297",970
"Trip36757",967
"Trip43262",827
"Trip12452",788
"Trip34812",565
"Trip33784",560
"Trip39223",761
"Trip24264",899
"Trip20722",882
"Trip1188",642
"Trip35016",777
"Trip8114",883
"Trip15331",706
"Trip10264",764
"Trip28386",861
"Trip20012",718
"Trip28560",662
"Trip40472",523
"Trip34957",618
"Trip20108",888
"Trip11348",784
"Trip5709",793
"Trip34200",620
"Trip12039",778
"Trip27813",758
"Trip32471",597
"Trip19049",928
"Trip20464",716
"Trip12171",987
"Trip34984",806
"Trip21687",747
"Trip40163",748
"Trip2581",899
"Trip17967",841
"Trip29742",991
"Trip27300",925
"Trip24172",511
"Trip19624",857
"Trip16352",641
"Trip24584",627
"Trip37522",943
"Trip28230",552
"Trip11268",993
"Trip6179",627
"Trip16670",726
"Trip19804",850
"Trip6987",842
"Trip28913",513
"Trip27886",950
"Trip2752",594
"Trip19551",642
"Trip2413",554
"Trip27534",629
"Trip14069",918
"Trip3659",953
"Trip42415",843
"Trip22621",672
"Trip12901",981
"Trip16705",980
"Trip21627",662
"Trip20918",694
"Trip16785",675
"Trip35739",855
"Trip25107",684
"Trip14698",660
"Trip40393",648
"Trip15555",644
"Trip17497",826
"Trip41898",760
"Trip8184",722
"Trip42857",942
"Trip18101",712
"Trip41804",517
"Trip39838",731
"Trip2966",997
"Trip7059",709
"Trip7685",943
"Trip29072",715
"Trip8242",919
"Trip2335",617
"Trip17584",937
"Trip11418",886
"Trip21094",627
"Trip7935",944
"Trip12675",853
"Trip10111",571
"Trip24501",591
"Trip18218",591
"Trip9680",739
"Trip34310",898
"Trip3486",798
"Trip34946",700
"Trip17868",619
"Trip25080",656
"Trip33226",547
"Trip9127",605
"Trip38957",649
"Trip18696",905
"Trip13593",539
"Trip24509",946
"Trip29710",735
"Trip24787",799
"Trip36376",509
"Trip40361",694
"Trip8269",803
"Trip12134",807
"Trip43501",936
"Trip28591",950
"Trip12319",729
"Trip17646",949
"Trip23027",749
"Trip10369",976
"Trip19780",625
"Trip15706",689
"Trip17852",989
"Trip32715",693
"Trip35650",767
"Trip7615",539
"Trip38263",652
"Trip33981",741
"Trip34870",788
"Trip26011",659
"Trip3947",658
"Trip11501",864
"Trip29314",790
"Trip18554",973
"Trip25737",792
"Trip31046",528
"Trip19845",581
"Trip38030",860
"Trip19464",717
"Trip25317",549
"Trip18899",909
"Trip21743",838
"Trip14699",828
"Trip15274",504
"Trip10926",591
"Trip9813",550
"Trip2721",569
"Trip8981",679
"Trip28561",564
"Trip22391",663
"Trip33598",687
"Trip26885",528
"Trip36301",751
"Trip35274",765
"Trip19384",963
"Trip17532",994
"Trip15249",936
"Trip25700",691
"Trip30813",524
"Trip21264",868
"Trip26473",639
"Trip1302",914
"Trip35221",839
"Trip11864",549
"Trip12567",888
"Trip3198",546
"Trip30655",762
"Trip19907",857
"Trip18413",684
"Trip41118",708
"Trip6668",688
"Trip37385",767
"Trip3056",808
"Trip16584",598
"Trip6790",940
"Trip1638",764
"Trip4678",896
"Trip20935",724
"Trip11034",625
"Trip10712",521
"Trip18520",738
"Trip9091",512
"Trip21200",784
"Trip34669",650
"Trip17405",763
"Trip5782",922
"Trip21927",860
"Trip16580",651
"Trip41333",958
"Trip15143",922
"Trip25359",998
"Trip20300",612
"Trip20672",830
"Trip21598",695
"Trip14151",676
"Trip29015",926
"Trip1453",609
"Trip17481",626
"Trip33644",852
"Trip19834",938
"Trip5078",864
"Trip1930",643
"Trip25021",951
"Trip21511",985
"Trip36901",865
"Trip35942",833
"Trip7015",991
"Trip23606",996
"Trip33505",983
"Trip39332",560
"Trip2531",593
"Trip11313",687
"Trip41571",696
"Trip40170",730
"Trip8509",619
"Trip11032",549
"Trip27007",960
"Trip33035",967
"Trip43517",694
"Trip16504",697
"Trip15527",747
"Trip33158",756
"Trip3666",587
"Trip20848",756
"Trip5402",869
"Trip21886",509
"Trip13997",587
"Trip43397",942
"Trip30168",880
"Trip12487",721
"Trip1389",872
"Trip9853",581
"Trip4097",732
"Trip3281",920
"Trip40227",989
"Trip10786",925
"Trip16497",866
"Trip35323",828
"Trip38708",505
"Trip26387",777
"Trip2124",543
"Trip10957",816
"Trip24461",829
"Trip21399",809
"Trip17889",522
"Trip1978",519
"Trip33496",679
"Trip24178",977
"Trip6205",708
"Trip25909",522
"Trip28839",676
"Trip40618",667
"Trip26657",776
"Trip35853",576
"Trip38399",614
"Trip9274",629
"Trip33340",775
"Trip4107",863
"Trip39592",738
"Trip17932",855
"Trip33667",896
"Trip42003",556
"Trip31441",722
"Trip1847",994
"Trip20743",716
"Trip11385",786
"Trip1164",992
"Trip2524",775
"Trip41959",667
"Trip23622",568
"Trip6100",981
"Trip25974",874
"Trip15293",510
"Trip27860",865
"Trip16361",770
"Trip38762",767
"Trip4242",711
"Trip34798",819
"Trip38972",768
"Trip5368",592
"Trip7558",932
"Trip42126",614
"Trip25101",734
"Trip37209",780
"Trip10511",874
"Trip12545",905
"Trip21155",660
"Trip14671",923
"Trip13916",702
"Trip9301",884
"Trip33881",853
"Trip31687",699
"Trip26114",735
"Trip6985",795
"Trip29269",667
"Trip6983",642
"Trip26644",857
"Trip10923",641
"Trip23255",906
"Trip39313",883
"Trip10814",860
"Trip24653",730
"Trip12213",563
"Trip26691",907
"Trip10238",534
"Trip7965",763
"Trip16259",879
"Trip18265",1000
"Trip18075",630
"Trip26273",568
"Trip11437",908
"Trip29683",633
"Trip33665",955
"Trip2448",813
"Trip8541",689
"Trip21413",838
"Trip13929",976
"Trip4695",803
"Trip35296",819
"Trip24630",549
"Trip11699",521
"Trip43803",951
"Trip23177",712
"Trip22791",822
"Trip43343",624
"Trip40081",596
"Trip1219",999
"Trip28569",805
"Trip40100",632
"Trip5671",712
"Trip30407",531
"Trip9070",521
"Trip7382",626
"Trip24348",878
"Trip9099",683
"Trip34707",883
"Trip18765",821
"Trip7827",529
"Trip41422",574
"Trip34629",818
"Trip22722",968
"Trip30964",836
"Trip11184",933
"Trip2196",933
"Trip4536",517
"Trip37318",596
"Trip8601",980
"Trip17423",694
"Trip8666",863
"Trip11558",944
"Trip2247",962
"Trip9208",595
"Trip2148",872
"Trip2851",751
"Trip18783",991
"Trip34135",688
"Trip36019",793
"Trip7966",713
"Trip26658",981
"Trip4447",906
"Trip30115",892
"Trip19585",665
"Trip17187",715
"Trip43078",586
"Trip38570",869
"Trip8043",918
"Trip32256",732
"Trip38207",709
"Trip23286",523
"Trip6091",909
"Trip20920",911
"Trip27484",502
"Trip37715",756
"Trip12692",935
"Trip35017",661
"Trip31603",527
"Trip40304",883
"Trip23396",728
"Trip7046",737
"Trip16942",812
"Trip10382",815
"Trip28157",508
"Trip29789",936
"Trip1171",566
"Trip9430",783
"Trip8589",816
"Trip27749",761
"Trip33641",733
"Trip31905",679
"Trip28242",727
"Trip20963",987
"Trip39528",892
"Trip23861",991
"Trip19087",815
"Trip1425",894
"Trip19073",540
"Trip19539",834
"Trip33015",813
"Trip19400",652
"Trip1688",884
"Trip24962",562
"Trip8730",612
"Trip23753",517
"Trip39128",550
"Trip28651",604
"Trip42725",697
"Trip6884",525
"Trip39464",572
"Trip28103",620
"Trip37456",953
"Trip13184",939
"Trip20380",746
"Trip21366",930
"Trip40306",853
"Trip40635",923
"Trip21768",859
"Trip29171",788
"Trip7165",967
"Trip16941",539
"Trip34754",532
"Trip29096",698
"Trip27665",513
"Trip26091",662
"Trip8034",936
"Trip26026",569
"Trip21137",583
"Trip10580",784
"Trip32065",623
"Trip1764",880
"Trip24862",957
"Trip14504",888
"Trip6195",745
"Trip29655",956
"Trip36845",967
"Trip36273",701
"Trip5617",810
"Trip41861",725
"Trip43324",762
"Trip37907",896
"Trip3918",837
"Trip3326",708
"Trip27543",797
"Trip24312",735
"Trip24517",802
"Trip40448",975
"Trip11044",917
"Trip22326",723
"Trip43725",539
"Trip28220",623
"Trip19088",994
"Trip2867",945
"Trip2676",665
"Trip34151",574
"Trip22250",796
"Trip11105",765
"Trip3057",789
"Trip30552",671
"Trip17756",813
"Trip7458",721
"Trip39426",570
"Trip33142",739
"Trip38886",533
"Trip36688",885
"Trip20574",769
"Trip10329",639
"Trip37103",764
"Trip42678",884
"Trip22212",580
"Trip13097",896
"Trip37658",626
"Trip6012",765
"Trip22979",918
"Trip33429",948
"Trip14568",815
"Trip19997",540
"Trip31355",630
"Trip30285",777
"Trip30282",655
"Trip27373",869
"Trip1462",567
"Trip28070",854
"Trip43795",953
"Trip9023",691
"Trip34768",725
"Trip30093",551
"Trip34038",606
"Trip19545",841
"Trip32217",879
"Trip20564",565
"Trip5765",927
"Trip9561",969
"Trip11576",662
"Trip6965",550
"Trip9101",825
"Trip28277",854
"Trip34655",814
"Trip33409",581
"Trip23280",671
"Trip21548",902
"Trip18594",540
"Trip38317",569
"Trip32553",723
"Trip24480",591
"Trip37826",531
"Trip7416",779
"Trip10147",817
"Trip39414",629
"Trip35597",565
"Trip10546",974
"Trip13121",671
"Trip19454",518
"Trip26917",524
"Trip22778",961
"Trip20415",589
"Trip43060",740
"Trip27610",861
"Trip3633",910
"Trip37273",585
"Trip37753",564
"Trip26035",812
"Trip24637",581
"Trip4868",693
"Trip26255",505
"Trip22161",998
"Trip26896",804
"Trip43260",864
"Trip31487",695
"Trip36838",917
"Trip7612",970
"Trip26996",701
"Trip37651",896
"Trip42768",969
"Trip25543",846
"Trip37967",623
"Trip26450",551
"Trip41897",582
"Trip42951",506
"Trip3216",940
"Trip40662",668
"Trip24736",883
"Trip37244",501
"Trip7131",602
"Trip15026",762
"Trip26750",525
"Trip16832",818
"Trip6403",554
"Trip31625",620
"Trip13656",991
"Trip25913",914
"Trip4729",667
"Trip9646",821
"Trip33794",905
"Trip40731",746
"Trip42916",817
"Trip32121",727
"Trip43605",777
"Trip29499",609
"Trip39541",939
"Trip19596",551
"Trip28922",629
"Trip9260",830
"Trip24829",806
"Trip37902",923
"Trip42926",651
"Trip13305",576
"Trip31136",654
"Trip32708",966
"Trip27576",692
"Trip26036",797
"Trip19337",547
"Trip5447",826
"Trip30532",558
"Trip26213",957
"Trip18280",827
"Trip35375",914
"Trip12843",650
"Trip9058",600
"Trip1613",668
"Trip25601",885
"Trip20306",636
"Trip17976",702
"Trip21027",689
"Trip29000",807
"Trip2110",858
"Trip17593",572
"Trip36476",567
"Trip33278",548
"Trip17958",767
"Trip29341",729
"Trip5417",557
"Trip2687",724
"Trip39860",590
"Trip35362",834
"Trip21975",783
"Trip8254",1000
"Trip33454",627
"Trip20156",867
"Trip15116",852
"Trip7586",527
"Trip23906",875
"Trip36472",555
"Trip32741",581
"Trip39544",589
"Trip32128",671
"Trip37369",668
"Trip3448",896
"Trip38557",645
"Trip25249",786
"Trip36877",688
"Trip31019",513
"Trip27184",803
"Trip9856",714
"Trip42983",958
"Trip17122",853
"Trip41162",571
"Trip31283",847
"Trip17999",559
"Trip11155",872
"Trip21375",539
"Trip25103",672
"Trip7898",982
"Trip19007",748
"Trip19745",702
"Trip4975",981
"Trip17028",766
"Trip24063",671
"Trip37940",556
"Trip19504",502
"Trip28283",793
"Trip33698",924
"Trip27413",766
"Trip11892",621
"Trip25991",586
"Trip3743",804
"Trip21005",524
"Trip3046",572
"Trip35094",862
"Trip17243",557
"Trip15007",517
"Trip41231",967
"Trip22382",683
"Trip21148",652
"Trip41361",623
"Trip5275",781
"Trip25936",906
"Trip30166",934
"Trip14214",884
"Trip16406",745
"Trip12072",611
"Trip32633",702
"Trip10482",771
"Trip28209",685
"Trip33215",944
"Trip30390",791
"Trip29212",958
"Trip34997",742
"Trip28446",631
"Trip5854",756
"Trip31685",555
"Trip9216",774
"Trip30340",779
"Trip21552",993
"Trip20980",837
"Trip4134",603
"Trip24881",885
"Trip30758",806
"Trip38118",860
"Trip27107",985
"Trip28012",868
"Trip36242",815
"Trip43553",880
"Trip40017",641
"Trip3645",540
"Trip4849",797
"Trip3086",655
"Trip16587",578
"Trip10567",754
"Trip25377",582
"Trip10141",974
"Trip39770",747
"Trip14853",550
"Trip19164",825
"Trip24124",851
"Trip7953",721
"Trip39261",688
"Trip16700",922
"Trip40439",596
"Trip4867",644
"Trip11026",686
"Trip35044",669
"Trip26702",904
"Trip29392",811
"Trip32948",831
"Trip31299",893
"Trip8434",1000
"Trip15254",581
"Trip27012",830
"Trip21868",811
"Trip43630",637
"Trip4670",718
"Trip29570",842
"Trip13466",614
"Trip29629",965
"Trip9140",717
"Trip32812",953
"Trip34817",549
"Trip26111",572
"Trip13132",895
"Trip20244",902
"Trip12833",641
"Trip15582",580
"Trip14115",539
"Trip35135",966
"Trip39187",637
"Trip17257",816
"Trip23368",696
"Trip25760",868
"Trip25471",580
"Trip43427",976
"Trip9701",699
"Trip17258",611
"Trip3492",908
"Trip28671",650
"Trip27081",906
"Trip42691",678
"Trip13784",812
"Trip30299",600
"Trip30429",878
"Trip13437",945
"Trip20148",778
"Trip19341",770
"Trip8997",527
"Trip42212",555
"Trip35686",535
"Trip15604",638
"Trip36595",605
"Trip10354",584
"Trip4056",686
"Trip23405",626
"Trip9032",560
"Trip14725",729
"Trip4511",751
"Trip22396",607
"Trip18226",749
"Trip20999",929
"Trip32877",552
"Trip30428",826
"Trip25441",532
"Trip19698",906
"Trip24496",841
"Trip35255",715
"Trip11624",728
"Trip23055",994
"Trip7559",666
"Trip21664",971
"Trip37086",643
"Trip26568",684
"Trip28534",661
"Trip3232",745
"Trip37321",961
"Trip30728",531
"Trip12248",592
"Trip1793",564
"Trip38871",679
"Trip16262",750
"Trip13188",524
"Trip15710",627
"Trip39180",885
"Trip3694",552
"Trip11880",736
"Trip6710",836
"Trip36737",621
"Trip29552",921
"Trip41803",724
"Trip26606",856
"Trip41995",997
"Trip37608",969
"Trip42156",656
"Trip38305",931
"Trip33334",980
"Trip41410",634
"Trip43766",778
"Trip27393",647
"Trip9320",832
"Trip18957",500
"Trip22712",797
"Trip34189",617
"Trip10793",873
"Trip22751",946
"Trip39113",623
"Trip16902",570
"Trip2418",806
"Trip25876",794
"Trip19895",683
"Trip18171",814
"Trip29211",560
"Trip40158",716
"Trip41266",609
"Trip29023",792
"Trip39273",825
"Trip14145",705
"Trip30901",630
"Trip1854",737
"Trip12004",1000
"Trip19781",677
"Trip15566",735
"Trip1138",596
"Trip36964",521
"Trip37332",760
"Trip39953",963
"Trip35775",610
"Trip11095",971
"Trip4904",519
"Trip27014",851
"Trip12916",737
"Trip34166",518
"Trip1702",951
"Trip8682",757
"Trip8033",508
"Trip41613",747
"Trip3179",907
"Trip37991",619
"Trip34127",552
"Trip16774",953
"Trip42503",787
"Trip41687",866
"Trip34585",941
"Trip30236",918
"Trip26628",574
"Trip12131",642
"Trip16001",547
"Trip26252",751
"Trip5021",642
"Trip23315",721
"Trip23755",644
"Trip41072",822
"Trip25170",789
"Trip19409",870
"Trip5388",624
"Trip38902",924
"Trip8936",581
"Trip23490",840
"Trip4016",634
"Trip12024",549
"Trip5188",928
"Trip32815",807
"Trip23541",925
"Trip20791",623
"Trip29560",839
"Trip36131",665
"Trip11035",612
"Trip25456",580
"Trip40494",883
"Trip26771",553
"Trip29806",658
"Trip6028",930
"Trip38442",795
"Trip5424",802
"Trip1381",948
"Trip39599",738
"Trip9155",501
"Trip15091",773
"Trip34542",565
"Trip26984",557
"Trip15057",730
"Trip5833",758
"Trip31970",780
"Trip18230",726
"Trip37533",902
"Trip21362",936
"Trip34483",813
"Trip32506",966
"Trip18414",965
"Trip33316",661
"Trip33440",680
"Trip18398",813
"Trip10418",763
"Trip17838",988
"Trip18758",866
"Trip13379",743
"Trip31529",782
"Trip26643",924
"Trip30936",886
"Trip25391",790
"Trip3654",693
"Trip40458",883
"Trip24892",816
"Trip38856",513
"Trip14989",632
"Trip31055",879
"Trip32790",626
"Trip11682",937
"Trip4682",979
"Trip13124",660
"Trip13164",930
"Trip1982",535
"Trip9653",559
"Trip11377",740
"Trip4533",540
"Trip41087",737
"Trip1754",697
"Trip41593",837
"Trip10260",639
"Trip35777",660
"Trip39644",507
"Trip32709",513
"Trip34982",928
"Trip37400",780
"Trip5221",981
"Trip1798",761
"Trip10602",902
"Trip4325",798
"Trip34186",626
"Trip32674",654
"Trip39559",725
"Trip16074",974
"Trip11072",880
"Trip19044",600
"Trip27821",599
"Trip42179",962
"Trip23791",656
"Trip8409",519
"Trip36610",898
"Trip36889",848
"Trip24390",598
"Trip13991",840
"Trip42614",730
"Trip42328",986
"Trip25753",663
"Trip12860",623
"Trip11486",774
"Trip20387",935
"Trip4093",824
"Trip21509",505
"Trip22004",912
"Trip4842",883
"Trip13108",720
"Trip9741",772
"Trip32242",856
"Trip30724",543
"Trip36013",854
"Trip39099",942
"Trip38736",719
"Trip1512",884
"Trip30445",730
"Trip15284",696
"Trip6156",890
"Trip13881",654
"Trip20930",572
"Trip25973",973
"Trip40997",624
"Trip2715",755
"Trip31016",946
"Trip6281",748
"Trip8158",620
"Trip35290",645
"Trip12388",723
"Trip27527",947
"Trip5790",696
"Trip31542",987
"Trip29448",515
"Trip31325",678
"Trip3344",914
"Trip13753",581
"Trip39412",558
"Trip19756",629
"Trip15355",585
"Trip16327",956
"Trip30288",638
"Trip5957",609
"Trip3132",750
"Trip37635",576
"Trip14011",1000
"Trip25999",942
"Trip2122",862
"Trip25953",809
"Trip12938",839
"Trip31208",923
"Trip21463",767
"Trip24540",682
"Trip36682",905
"Trip35058",538
"Trip40324",712
"Trip17685",879
"Trip43434",961
"Trip17774",605
"Trip12120",908
"Trip29459",716
"Trip7600",597
"Trip43854",808
"Trip18313",547
"Trip31216",896
"Trip5254",786
"Trip5444",726
"Trip19324",986
"Trip29931",970
"Trip39502",653
"Trip4526",634
"Trip1341",532
"Trip16304",639
"Trip37781",503
"Trip15987",639
"Trip6082",734
"Trip16217",874
"Trip2961",601
"Trip1527",993
"Trip5425",631
"Trip6503",635
"Trip34287",943
"Trip33525",960
"Trip41269",666
"Trip25968",967
"Trip4276",899
"Trip27906",994
"Trip22602",579
"Trip22699",555
"Trip4915",649
"Trip40679",712
"Trip26798",728
"Trip12195",972
"Trip19323",924
"Trip29497",694
"Trip8361",595
"Trip22632",729
"Trip26461",979
"Trip33813",741
"Trip11656",556
"Trip19260",949
"Trip19982",733
"Trip22061",705
"Trip17939",829
"Trip15114",912
"Trip39906",899
"Trip1255",912
"Trip13746",584
"Trip42417",776
"Trip13941",776
"Trip31855",654
"Trip19629",615
"Trip31565",537
"Trip24254",553
"Trip6999",832
"Trip10594",644
"Trip38360",500
"Trip3892",759
"Trip37848",643
"Trip22018",974
"Trip15433",576
"Trip40601",699
"Trip23157",999
"Trip28902",680
